{"method_name":"sweepMaxCacheHitNumber","display_data":{"2":{"success_ratio":0.78,"success_rate":77.62738853512494,"mean_second_ratio":0.25},"3":{"success_ratio":1,"success_rate":261.9172341520587,"mean_second_ratio":0.273},"4":{"success_ratio":1,"success_rate":295.50827423437755,"mean_second_ratio":0.3046666666666667},"6":{"success_ratio":1,"success_rate":305.6234718829016,"mean_second_ratio":0.38799999999999996},"10":{"success_ratio":0.98,"success_rate":272.6766833630167,"mean_second_ratio":0.4755102040816326},"18":{"success_ratio":0.9,"success_rate":246.9813391862106,"mean_second_ratio":0.5477777777777779},"22":{"success_ratio":0.78,"success_rate":213.46469622190912,"mean_second_ratio":0.5679487179487182},"23":{"success_ratio":0.78,"success_rate":213.6986301360491,"mean_second_ratio":0.5833333333333334},"24":{"success_ratio":0.54,"success_rate":170.67003792683522,"mean_second_ratio":0.6185185185185185},"26":{"success_ratio":0.62,"success_rate":187.42442563497966,"mean_second_ratio":0.5951612903225806},"30":{"success_ratio":0.6,"success_rate":167.5041876052699,"mean_second_ratio":0.6566666666666667},"32":{"success_ratio":0.52,"success_rate":156.53220951199364,"mean_second_ratio":0.621153846153846},"34":{"success_ratio":0.42,"success_rate":134.0996168580207,"mean_second_ratio":0.638095238095238},"38":{"success_ratio":0.34,"success_rate":108.83482714507362,"mean_second_ratio":0.6558823529411764},"42":{"success_ratio":0.26,"success_rate":86.03573792136413,"mean_second_ratio":0.7384615384615384},"46":{"success_ratio":0.16,"success_rate":55.05849965583365,"mean_second_ratio":0.7749999999999999},"50":{"success_ratio":0.08,"success_rate":28.79769618432155,"mean_second_ratio":0.65},"66":{"success_ratio":0,"success_rate":0,"mean_second_ratio":null},"130":{"success_ratio":0,"success_rate":0,"mean_second_ratio":null},"258":{"success_ratio":0,"success_rate":0,"mean_second_ratio":null}},"parameters":[50,3,3],"worker":true}