{"method_name":"max_cache_hit_number","test_results":{"2":{"success_ratio":0.996,"success_rate":476.7831498374509,"mean_second_ratio":0.27218875502008033},"3":{"success_ratio":0.996,"success_rate":442.27353462865455,"mean_second_ratio":0.29397590361445797},"4":{"success_ratio":0.992,"success_rate":448.7063506421502,"mean_second_ratio":0.32731854838709695},"5":{"success_ratio":0.988,"success_rate":439.07208247970357,"mean_second_ratio":0.3697368421052634},"7":{"success_ratio":0.988,"success_rate":455.7616016246863,"mean_second_ratio":0.4325910931174094},"8":{"success_ratio":0.978,"success_rate":434.0108280845386,"mean_second_ratio":0.45920245398773074},"9":{"success_ratio":0.968,"success_rate":434.5093814538619,"mean_second_ratio":0.4785123966942154},"10":{"success_ratio":0.958,"success_rate":388.7355948714179,"mean_second_ratio":0.4721294363256793},"11":{"success_ratio":0.97,"success_rate":425.1775225779544,"mean_second_ratio":0.48525773195876365},"12":{"success_ratio":0.96,"success_rate":390.9749938946638,"mean_second_ratio":0.49302083333333396},"13":{"success_ratio":0.916,"success_rate":401.08590945344895,"mean_second_ratio":0.5171397379912664},"14":{"success_ratio":0.918,"success_rate":372.23258453933875,"mean_second_ratio":0.5141612200435735},"15":{"success_ratio":0.896,"success_rate":380.1119972804539,"mean_second_ratio":0.5340401785714283},"16":{"success_ratio":0.884,"success_rate":373.78435518117595,"mean_second_ratio":0.532805429864253},"17":{"success_ratio":0.856,"success_rate":365.4995730138634,"mean_second_ratio":0.5525700934579432},"18":{"success_ratio":0.83,"success_rate":316.9874732688339,"mean_second_ratio":0.5422891566265051},"19":{"success_ratio":0.802,"success_rate":333.80504453086877,"mean_second_ratio":0.5841645885286767},"20":{"success_ratio":0.784,"success_rate":344.494243781941,"mean_second_ratio":0.5808673469387736},"21":{"success_ratio":0.72,"success_rate":324.47048220170814,"mean_second_ratio":0.6112499999999982},"22":{"success_ratio":0.746,"success_rate":321.8847083176442,"mean_second_ratio":0.5920911528150117},"23":{"success_ratio":0.704,"success_rate":302.06813696217756,"mean_second_ratio":0.6126420454545434},"24":{"success_ratio":0.678,"success_rate":300.7452093715269,"mean_second_ratio":0.6206489675516206},"25":{"success_ratio":0.61,"success_rate":280.6404122219329,"mean_second_ratio":0.6306557377049163},"26":{"success_ratio":0.624,"success_rate":279.0448081585887,"mean_second_ratio":0.627403846153844},"27":{"success_ratio":0.626,"success_rate":274.39291663278294,"mean_second_ratio":0.6305111821086238},"28":{"success_ratio":0.554,"success_rate":266.42300663809294,"mean_second_ratio":0.6413357400722002},"29":{"success_ratio":0.574,"success_rate":267.25020951957714,"mean_second_ratio":0.6550522648083605},"30":{"success_ratio":0.488,"success_rate":230.79833522289664,"mean_second_ratio":0.6481557377049163},"31":{"success_ratio":0.49,"success_rate":230.58823529411765,"mean_second_ratio":0.6557142857142836},"32":{"success_ratio":0.478,"success_rate":220.6221729902606,"mean_second_ratio":0.6453974895397468},"33":{"success_ratio":0.486,"success_rate":230.17902813361167,"mean_second_ratio":0.649176954732508},"34":{"success_ratio":0.376,"success_rate":193.6946218832596,"mean_second_ratio":0.6593085106382959},"35":{"success_ratio":0.362,"success_rate":188.26711046387945,"mean_second_ratio":0.6814917127071798},"36":{"success_ratio":0.374,"success_rate":174.81536879617641,"mean_second_ratio":0.6693404634581083},"37":{"success_ratio":0.326,"success_rate":164.3973777099219,"mean_second_ratio":0.6947852760736178},"38":{"success_ratio":0.348,"success_rate":175.29719927502703,"mean_second_ratio":0.67758620689655},"39":{"success_ratio":0.298,"success_rate":148.82141430301658,"mean_second_ratio":0.6936241610738241},"40":{"success_ratio":0.244,"success_rate":129.33319198372462,"mean_second_ratio":0.6885245901639335},"41":{"success_ratio":0.226,"success_rate":123.48377226358564,"mean_second_ratio":0.7115044247787602},"42":{"success_ratio":0.264,"success_rate":132.19829744404225,"mean_second_ratio":0.7011363636363621},"43":{"success_ratio":0.166,"success_rate":90.94893710463028,"mean_second_ratio":0.7156626506024093},"44":{"success_ratio":0.166,"success_rate":88.1852953675111,"mean_second_ratio":0.7036144578313251},"45":{"success_ratio":0.156,"success_rate":87.12163520570914,"mean_second_ratio":0.7121794871794872},"46":{"success_ratio":0.098,"success_rate":53.70451556328637,"mean_second_ratio":0.7132653061224494},"47":{"success_ratio":0.13,"success_rate":68.39225589214531,"mean_second_ratio":0.723076923076923},"48":{"success_ratio":0.094,"success_rate":55.52930056648758,"mean_second_ratio":0.7265957446808513},"49":{"success_ratio":0.08,"success_rate":44.88330341195423,"mean_second_ratio":0.7400000000000004},"50":{"success_ratio":0.098,"success_rate":52.84158309010698,"mean_second_ratio":0.7581632653061227},"51":{"success_ratio":0.068,"success_rate":37.79457536664972,"mean_second_ratio":0.7529411764705887},"52":{"success_ratio":0.068,"success_rate":37.42432581217089,"mean_second_ratio":0.7352941176470592},"53":{"success_ratio":0.052,"success_rate":29.60938389699235,"mean_second_ratio":0.7615384615384618},"55":{"success_ratio":0.052,"success_rate":28.577709386867078,"mean_second_ratio":0.7461538461538464},"56":{"success_ratio":0.052,"success_rate":29.108822212552756,"mean_second_ratio":0.7471153846153851},"57":{"success_ratio":0.034,"success_rate":19.54921803115627,"mean_second_ratio":0.7647058823529413},"58":{"success_ratio":0.016,"success_rate":9.765625000022759,"mean_second_ratio":0.7249999999999999},"59":{"success_ratio":0.016,"success_rate":9.638554217016178,"mean_second_ratio":0.7749999999999999},"60":{"success_ratio":0.012,"success_rate":6.817407112755225,"mean_second_ratio":0.7666666666666666},"61":{"success_ratio":0.01,"success_rate":5.584720205494175,"mean_second_ratio":0.76},"62":{"success_ratio":0.006,"success_rate":3.222341568267476,"mean_second_ratio":0.8000000000000002},"63":{"success_ratio":0.086,"success_rate":44.693898762923325,"mean_second_ratio":0.7162790697674422},"64":{"success_ratio":0.02,"success_rate":10.690613641365104,"mean_second_ratio":0.7999999999999999},"65":{"success_ratio":0.012,"success_rate":7.594936709062215,"mean_second_ratio":0.7999999999999999},"66":{"success_ratio":0,"success_rate":0,"mean_second_ratio":null},"67":{"success_ratio":0.008,"success_rate":4.959702417817701,"mean_second_ratio":0.75},"68":{"success_ratio":0.004,"success_rate":2.3223409196879405,"mean_second_ratio":0.8},"69":{"success_ratio":0.006,"success_rate":3.6864094371921277,"mean_second_ratio":0.7333333333333334},"70":{"success_ratio":0.048,"success_rate":25.90673575057521,"mean_second_ratio":0.7645833333333335},"71":{"success_ratio":0.044,"success_rate":24.59749552799958,"mean_second_ratio":0.7727272727272729},"72":{"success_ratio":0.004,"success_rate":2.1372088052852827,"mean_second_ratio":0.8},"73":{"success_ratio":0.002,"success_rate":1.173571177106834,"mean_second_ratio":0.8},"74":{"success_ratio":0,"success_rate":0,"mean_second_ratio":null},"75":{"success_ratio":0.012,"success_rate":6.842285323275091,"mean_second_ratio":0.7999999999999999},"76":{"success_ratio":0.024,"success_rate":13.067624959302165,"mean_second_ratio":0.7999999999999999},"77":{"success_ratio":0.008,"success_rate":4.328067517949448,"mean_second_ratio":0.8},"79":{"success_ratio":0.006,"success_rate":3.1010957205068634,"mean_second_ratio":0.8000000000000002},"80":{"success_ratio":0.004,"success_rate":2.20848056537534,"mean_second_ratio":0.8},"81":{"success_ratio":0,"success_rate":0,"mean_second_ratio":null},"97":{"success_ratio":0,"success_rate":0,"mean_second_ratio":null},"129":{"success_ratio":0,"success_rate":0,"mean_second_ratio":null},"256":{"success_ratio":0,"success_rate":0,"mean_second_ratio":null}},"options":{"interval":[2,256],"min_step_width":1,"length":80,"integer":true,"configuration":{"repetitions":500,"page_size":5000,"probe_length":256,