{"method_name":"sweepMinIterations","display_data":{"1":{"success_ratio":0,"success_rate":0,"mean_second_ratio":null},"2":{"success_ratio":0.86,"success_rate":426.1645193053158,"mean_second_ratio":0.38759689922480633},"3":{"success_ratio":1,"success_rate":498.00796807655917,"mean_second_ratio":0.34600000000000003},"4":{"success_ratio":1,"success_rate":406.1738424142289,"mean_second_ratio":0.23999999999999988},"5":{"success_ratio":1,"success_rate":357.14285714434203,"mean_second_ratio":0.3571428571428572},"6":{"success_ratio":1,"success_rate":351.3703443261501,"mean_second_ratio":0.26071428571428595},"7":{"success_ratio":1,"success_rate":301.38637732258985,"mean_second_ratio":0.20888888888888885},"8":{"success_ratio":1,"success_rate":165.23463318160623,"mean_second_ratio":0.22955555555555537},"9":{"success_ratio":1,"success_rate":191.0584638985684,"mean_second_ratio":0.2709090909090907},"10":{"success_ratio":1,"success_rate":115.52680221943838,"mean_second_ratio":0.19787878787878782},"11":{"success_ratio":1,"success_rate":170.53206002724448,"mean_second_ratio":0.16256410256410267},"12":{"success_ratio":1,"success_rate":182.88222384416642,"mean_second_ratio":0.15626373626373635},"13":{"success_ratio":1,"success_rate":157.8781180876905,"mean_second_ratio":0.17314285714285713},"14":{"success_ratio":1,"success_rate":111.45786892471313,"mean_second_ratio":0.13308333333333344},"15":{"success_ratio":1,"success_rate":95.84052137289393,"mean_second_ratio":0.13898993808049537},"17":{"success_ratio":1,"success_rate":96.41342074895162,"mean_second_ratio":0.12777777777777766},"33":{"success_ratio":1,"success_rate":57.04506560192394,"mean_second_ratio":0.10583193277310919},"65":{"success_ratio":1,"success_rate":31.248046997140435,"mean_second_ratio":0.07002797202797198},"129":{"success_ratio":1,"success_rate":16.33133002351227,"mean_second_ratio":0.12440751614797413},"257":{"success_ratio":1,"success_rate":8.234247883804988,"mean_second_ratio":0.08641974200113736}},"parameters":[50,3,3,5000,256],"worker":true}