{"method_name":"sweepMaxCacheHitNumber","display_data":{"2":{"success_ratio":0.91,"success_rate":121.54400961665283,"mean_second_ratio":0.25824175824175827},"18":{"success_ratio":0.88,"success_rate":241.6254805052285,"mean_second_ratio":0.5420454545454547},"22":{"success_ratio":0.79,"success_rate":216.02406343980792,"mean_second_ratio":0.5905063291139245},"24":{"success_ratio":0.76,"success_rate":211.9944211992786,"mean_second_ratio":0.6013157894736846},"26":{"success_ratio":0.66,"success_rate":189.6551724138169,"mean_second_ratio":0.6151515151515157},"30":{"success_ratio":0.58,"success_rate":167.0988187846716,"mean_second_ratio":0.6241379310344833},"32":{"success_ratio":0.52,"success_rate":148.0637813207747,"mean_second_ratio":0.6451923076923082},"33":{"success_ratio":0.4,"success_rate":126.22278321244751,"mean_second_ratio":0.6337500000000003},"34":{"success_ratio":0.42,"success_rate":132.61761919823022,"mean_second_ratio":0.6464285714285719},"36":{"success_ratio":0.41,"success_rate":131.8752010290995,"mean_second_ratio":0.6780487804878051},"38":{"success_ratio":0.31,"success_rate":89.38869665483183,"mean_second_ratio":0.6774193548387099},"42":{"success_ratio":0.28,"success_rate":95.3029271609179,"mean_second_ratio":0.7285714285714288},"44":{"success_ratio":0.23,"success_rate":77.88689468343348,"mean_second_ratio":0.7108695652173912},"46":{"success_ratio":0.18,"success_rate":64.7482014387913,"mean_second_ratio":0.6888888888888889},"50":{"success_ratio":0.12,"success_rate":40.040040040096805,"mean_second_ratio":0.7666666666666667},"54":{"success_ratio":0.11,"success_rate":38.46153846153064,"mean_second_ratio":0.7272727272727271},"58":{"success_ratio":0.01,"success_rate":3.874467260765103,"mean_second_ratio":0.8},"66":{"success_ratio":0.02,"success_rate":7.429420505183004,"mean_second_ratio":0.775},"130":{"success_ratio":0,"success_rate":0,"mean_second_ratio":null},"258":{"success_ratio":0,"success_rate":0,"mean_second_ratio":null}},"parameters":[100,3,54],"worker":true}