{"method_name":"min_iterations","test_results":{"1":{"success_ratio":0,"success_rate":0,"mean_second_ratio":null},"2":{"success_ratio":0.854,"success_rate":463.073419370773,"mean_second_ratio":0.3996877439500396},"3":{"success_ratio":0.994,"success_rate":448.67743974275567,"mean_second_ratio":0.357545271629779},"4":{"success_ratio":0.998,"success_rate":349.8317442520842,"mean_second_ratio":0.3227693482202518},"5":{"success_ratio":0.99,"success_rate":278.29313543672845,"mean_second_ratio":0.2965247715247716},"6":{"success_ratio":0.998,"success_rate":256.8457895795471,"mean_second_ratio":0.2824100582116626},"7":{"success_ratio":1,"success_rate":219.59682023832138,"mean_second_ratio":0.2559222222222224},"8":{"success_ratio":1,"success_rate":190.47619047619045,"mean_second_ratio":0.2399131313131329},"9":{"success_ratio":1,"success_rate":179.20504641327855,"mean_second_ratio":0.22430909090909185},"10":{"success_ratio":1,"success_rate":180.62278736952084,"mean_second_ratio":0.22308484848484877},"11":{"success_ratio":1,"success_rate":154.73648376747164,"mean_second_ratio":0.20820479520479568},"12":{"success_ratio":1,"success_rate":147.78907543105794,"mean_second_ratio":0.20247985347985412},"13":{"success_ratio":1,"success_rate":136.76522880884968,"mean_second_ratio":0.19662554945054833},"14":{"success_ratio":1,"success_rate":127.36257578082171,"mean_second_ratio":0.19536323529411903},"15":{"success_ratio":1,"success_rate":117.63875491102363,"mean_second_ratio":0.18402647058823532},"16":{"success_ratio":1,"success_rate":111.80929806112431,"mean_second_ratio":0.1799583763329896},"17":{"success_ratio":1,"success_rate":109.58423740306377,"mean_second_ratio":0.1788654970760241},"18":{"success_ratio":1,"success_rate":101.22482032578647,"mean_second_ratio":0.1684919799498754},"19":{"success_ratio":1,"success_rate":96.2315716542732,"mean_second_ratio":0.17002671798072308},"20":{"success_ratio":1,"success_rate":92.63891204842028,"mean_second_ratio":0.16509841897233204},"21":{"success_ratio":1,"success_rate":88.24100382947755,"mean_second_ratio":0.15277569169960462},"22":{"success_ratio":1,"success_rate":85.47008547000043,"mean_second_ratio":0.1638900527009228},"23":{"success_ratio":1,"success_rate":79.68381462376821,"mean_second_ratio":0.15135333333333328},"24":{"success_ratio":1,"success_rate":79.71557482923438,"mean_second_ratio":0.1557046153846153},"25":{"success_ratio":1,"success_rate":74.19938859691132,"mean_second_ratio":0.14146275946275919},"26":{"success_ratio":1,"success_rate":74.25889621590069,"mean_second_ratio":0.1377729499108813},"27":{"success_ratio":1,"success_rate":70.05842872944024,"mean_second_ratio":0.14369594964422566},"28":{"success_ratio":1,"success_rate":68.14960200614651,"mean_second_ratio":0.14150246305418757},"29":{"success_ratio":1,"success_rate":65.29205134549726,"mean_second_ratio":0.14370537634408614},"30":{"success_ratio":1,"success_rate":62.3355898818148,"mean_second_ratio":0.12796263440860267},"31":{"success_ratio":1,"success_rate":63.35609929177676,"mean_second_ratio":0.13245992539244444},"32":{"success_ratio":1,"success_rate":59.33168786802236,"mean_second_ratio":0.14070164884135566},"33":{"success_ratio":1,"success_rate":60.35148706068493,"mean_second_ratio":0.12964793311263875},"34":{"success_ratio":1,"success_rate":58.61595995355152,"mean_second_ratio":0.132097168597169},"35":{"success_ratio":1,"success_rate":57.43825387716663,"mean_second_ratio":0.13128571428571456},"36":{"success_ratio":1,"success_rate":55.81727656341842,"mean_second_ratio":0.13023447131341848},"37":{"success_ratio":1,"success_rate":55.650160828959315,"mean_second_ratio":0.1244442645074225},"38":{"success_ratio":1,"success_rate":52.40046531607114,"mean_second_ratio":0.14202750567789102},"39":{"success_ratio":1,"success_rate":51.89305878435567,"mean_second_ratio":0.1262337219690882},"40":{"success_ratio":1,"success_rate":51.219012497502575,"mean_second_ratio":0.13467878259951407},"41":{"success_ratio":1,"success_rate":49.59382656037515,"mean_second_ratio":0.11660243632336677},"42":{"success_ratio":1,"success_rate":48.53190973069177,"mean_second_ratio":0.11962045370650033},"43":{"success_ratio":1,"success_rate":47.626758618032184,"mean_second_ratio":0.14057957430727935},"44":{"success_ratio":1,"success_rate":46.69188028198444,"mean_second_ratio":0.13036184602734144},"45":{"success_ratio":1,"success_rate":45.64042646415865,"mean_second_ratio":0.13125123342584047},"46":{"success_ratio":1,"success_rate":44.38526409238098,"mean_second_ratio":0.13769639817629098},"47":{"success_ratio":1,"success_rate":41.14921528443803,"mean_second_ratio":0.12955072931300154},"48":{"success_ratio":1,"success_rate":43.87042431471816,"mean_second_ratio":0.14756155262104864},"49":{"success_ratio":1,"success_rate":42.035175034436584,"mean_second_ratio":0.12295217717856362},"50":{"success_ratio":1,"success_rate":41.10152075624045,"mean_second_ratio":0.13781027633114235},"51":{"success_ratio":1,"success_rate":40.37728535431477,"mean_second_ratio":0.11634174201676986},"52":{"success_ratio":1,"success_rate":40.02625722477509,"mean_second_ratio":0.12692968289572032},"53":{"success_ratio":1,"success_rate":38.949910415207455,"mean_second_ratio":0.12220318140978546},"54":{"success_ratio":1,"success_rate":38.63002480052234,"mean_second_ratio":0.13274090909090944},"55":{"success_ratio":1,"success_rate":37.49306378319801,"mean_second_ratio":0.124339923083571},"56":{"success_ratio":1,"success_rate":36.48063972449598,"mean_second_ratio":0.12875488289689815},"57":{"success_ratio":1,"success_rate":36.505143574728564,"mean_second_ratio":0.13763779261127687},"58":{"success_ratio":1,"success_rate":35.97614062356113,"mean_second_ratio":0.1339103099231513},"59":{"success_ratio":1,"success_rate":35.5547970531824,"mean_second_ratio":0.12472267774501326},"60":{"success_ratio":1,"success_rate":35.2629203339775,"mean_second_ratio":0.16060124314841373},"61":{"success_ratio":1,"success_rate":34.1173500372252,"mean_second_ratio":0.11886362641963147},"62":{"success_ratio":1,"success_rate":32.806892071897586,"mean_second_ratio":0.12187517158021233},"63":{"success_ratio":1,"success_rate":30.643263384976485,"mean_second_ratio":0.10294833222333226},"64":{"success_ratio":1,"success_rate":31.91828917968336,"mean_second_ratio":0.11989133049786094},"65":{"success_ratio":1,"success_rate":31.42341798802746,"mean_second_ratio":0.12269347995280123},"66":{"success_ratio":1,"success_rate":31.49189713484254,"mean_second_ratio":0.10909996518222648},"67":{"success_ratio":1,"success_rate":30.395321552093964,"mean_second_ratio":0.1198929012227861},"68":{"success_ratio":1,"success_rate":30.136276241162452,"mean_second_ratio":0.12197743271221607},"69":{"success_ratio":1,"success_rate":29.936713787080212,"mean_second_ratio":0.1182459335724496},"70":{"success_ratio":1,"success_rate":28.811967338726532,"mean_second_ratio":0.11441534442576304},"71":{"success_ratio":1,"success_rate":29.365470904704598,"mean_second_ratio":0.12161815611096334},"72":{"success_ratio":1,"success_rate":28.772838440556487,"mean_second_ratio":0.11845175655107144},"73":{"success_ratio":1,"success_rate":27.718644669120348,"mean_second_ratio":0.10938338497112818},"74":{"success_ratio":1,"success_rate":27.969055037501914,"mean_second_ratio":0.12509034391876497},"76":{"success_ratio":1,"success_rate":27.00629786865557,"mean_second_ratio":0.11940005375481724},"78":{"success_ratio":1,"success_rate":26.151174710760557,"mean_second_ratio":0.11833384903891211},"94":{"success_ratio":1,"success_rate":22.0506194019057,"mean_second_ratio":0.10423161964188817},"125":{"success_ratio":1,"success_rate":15.819430690326357,"mean_second_ratio":0.09006527938695191},"250":{"success_ratio":1,"success_rate":8.131800217933078,"mean_second_ratio":0.09307413385258978},"500":{"success_ratio":1,"success_rate":4.109503473352204,"mean_second_ratio":0.0895524798227201}},"options":{"interval":[1,500],"min_step_width":1,"sample_size":80,"integer":true,"configuration":{"probe_length":256,