{"method_name":"min_iterations","test_results":{"1":{"success_ratio":0,"success_rate":0,"mean_second_ratio":null},"2":{"success_ratio":0.964,"success_rate":584.5967252966377,"mean_second_ratio":0.3492392807745511},"3":{"success_ratio":0.988,"success_rate":400.8113590222047,"mean_second_ratio":0.2821862348178139},"4":{"success_ratio":0.998,"success_rate":349.3908416200854,"mean_second_ratio":0.23717434869739662},"5":{"success_ratio":1,"success_rate":328.1701233950055,"mean_second_ratio":0.24273015873015913},"6":{"success_ratio":1,"success_rate":289.5361630652992,"mean_second_ratio":0.23010714285714337},"7":{"success_ratio":0.998,"success_rate":264.2028908799351,"mean_second_ratio":0.21153417947005124},"8":{"success_ratio":1,"success_rate":226.8705476662067,"mean_second_ratio":0.2130000000000022},"9":{"success_ratio":1,"success_rate":208.6201860881562,"mean_second_ratio":0.2213454545454548},"10":{"success_ratio":1,"success_rate":191.2484700128769,"mean_second_ratio":0.18753030303030324},"11":{"success_ratio":1,"success_rate":174.30105277914538,"mean_second_ratio":0.17717399267399275},"12":{"success_ratio":1,"success_rate":145.3192664292989,"mean_second_ratio":0.17682692307692446},"13":{"success_ratio":1,"success_rate":150.68864711714218,"mean_second_ratio":0.2187464285714278},"14":{"success_ratio":1,"success_rate":133.76494823270176,"mean_second_ratio":0.1509696078431379},"15":{"success_ratio":1,"success_rate":131.67597176864095,"mean_second_ratio":0.17830125558995527},"16":{"success_ratio":1,"success_rate":123.8727579027204,"mean_second_ratio":0.12366013071895421},"17":{"success_ratio":1,"success_rate":115.90440204896713,"mean_second_ratio":0.13374561403508878},"18":{"success_ratio":1,"success_rate":110.51921929199943,"mean_second_ratio":0.18574461152882285},"19":{"success_ratio":1,"success_rate":108.78078496192056,"mean_second_ratio":0.12240000000000036},"20":{"success_ratio":1,"success_rate":100.9468817511435,"mean_second_ratio":0.214930924148316},"21":{"success_ratio":1,"success_rate":95.05342002223837,"mean_second_ratio":0.20458498023715482},"22":{"success_ratio":1,"success_rate":92.27305442248971,"mean_second_ratio":0.18376712374581952},"23":{"success_ratio":1,"success_rate":84.00255367763575,"mean_second_ratio":0.14722666666666653},"24":{"success_ratio":1,"success_rate":83.27365388137791,"mean_second_ratio":0.14796923076922996},"25":{"success_ratio":1,"success_rate":81.50623522718666,"mean_second_ratio":0.19458017908017944},"26":{"success_ratio":1,"success_rate":79.59755476290702,"mean_second_ratio":0.15423870573870624},"27":{"success_ratio":1,"success_rate":76.35336336560468,"mean_second_ratio":0.12485221674876743},"28":{"success_ratio":1,"success_rate":74.11799584924131,"mean_second_ratio":0.09949885057471317},"29":{"success_ratio":1,"success_rate":71.85250118538644,"mean_second_ratio":0.10052043010752769},"30":{"success_ratio":1,"success_rate":69.42034015953213,"mean_second_ratio":0.11629738514173951},"31":{"success_ratio":1,"success_rate":65.63488625488937,"mean_second_ratio":0.14478442513368986},"32":{"success_ratio":1,"success_rate":63.766563364674205,"mean_second_ratio":0.15062416921314034},"33":{"success_ratio":1,"success_rate":62.65428617975193,"mean_second_ratio":0.1313865546218489},"34":{"success_ratio":1,"success_rate":60.63398898869674,"mean_second_ratio":0.11718095238095273},"35":{"success_ratio":1,"success_rate":58.999834800554304,"mean_second_ratio":0.16530030030030052},"36":{"success_ratio":1,"success_rate":57.86501249888449,"mean_second_ratio":0.13405571360834492},"37":{"success_ratio":1,"success_rate":55.56790397852964,"mean_second_ratio":0.10856483203851644},"38":{"success_ratio":1,"success_rate":54.95894566750783,"mean_second_ratio":0.13906999605016349},"39":{"success_ratio":1,"success_rate":53.91416864366028,"mean_second_ratio":0.16173292682926854},"40":{"success_ratio":1,"success_rate":52.60167904562529,"mean_second_ratio":0.10583391405342563},"41":{"success_ratio":1,"success_rate":51.20589891960682,"mean_second_ratio":0.11403559949220743},"42":{"success_ratio":1,"success_rate":47.70173061874743,"mean_second_ratio":0.15382514513909795},"43":{"success_ratio":1,"success_rate":48.886368524893435,"mean_second_ratio":0.1447616161616161},"44":{"success_ratio":1,"success_rate":46.88232536330219,"mean_second_ratio":0.12195483091787525},"45":{"success_ratio":1,"success_rate":45.55891679120965,"mean_second_ratio":0.09804440333025},"46":{"success_ratio":1,"success_rate":42.68032437047794,"mean_second_ratio":0.09587658032685738},"47":{"success_ratio":1,"success_rate":44.63568355081875,"mean_second_ratio":0.12372803589520917},"48":{"success_ratio":1,"success_rate":43.85926439242173,"mean_second_ratio":0.07556023809523829},"49":{"success_ratio":1,"success_rate":43.07968017649274,"mean_second_ratio":0.13260627450980383},"50":{"success_ratio":1,"success_rate":42.323026265744666,"mean_second_ratio":0.08240386749765238},"51":{"success_ratio":1,"success_rate":43.25296931626115,"mean_second_ratio":0.0995184110089772},"52":{"success_ratio":1,"success_rate":40.608807238194125,"mean_second_ratio":0.13636508280750254},"53":{"success_ratio":1,"success_rate":39.908688919781724,"mean_second_ratio":0.12376441609073198},"54":{"success_ratio":1,"success_rate":38.824095786820074,"mean_second_ratio":0.14270293916609722},"55":{"success_ratio":1,"success_rate":37.88825994377262,"mean_second_ratio":0.11167271588061053},"56":{"success_ratio":1,"success_rate":38.808727306579314,"mean_second_ratio":0.10236176648517899},"57":{"success_ratio":1,"success_rate":37.226201289512,"mean_second_ratio":0.13584170947532465},"58":{"success_ratio":1,"success_rate":36.615015085312926,"mean_second_ratio":0.09112582728006469},"59":{"success_ratio":1,"success_rate":35.9906424330006,"mean_second_ratio":0.1381373975409833},"60":{"success_ratio":1,"success_rate":33.83636732759945,"mean_second_ratio":0.13109737352370876},"61":{"success_ratio":1,"success_rate":34.109204027603866,"mean_second_ratio":0.15219816927299704},"62":{"success_ratio":1,"success_rate":34.444987909812774,"mean_second_ratio":0.1514982817585645},"63":{"success_ratio":1,"success_rate":33.822634106753824,"mean_second_ratio":0.09735192307692307},"64":{"success_ratio":1,"success_rate":33.45645308067583,"mean_second_ratio":0.12369112240371624},"65":{"success_ratio":1,"success_rate":33.08059756791273,"mean_second_ratio":0.14223522944716985},"66":{"success_ratio":1,"success_rate":32.388663967611336,"mean_second_ratio":0.10179635246228741},"67":{"success_ratio":1,"success_rate":31.728908208276057,"mean_second_ratio":0.15628791359192037},"68":{"success_ratio":1,"success_rate":31.240823008260055,"mean_second_ratio":0.16910608627611087},"69":{"success_ratio":1,"success_rate":30.745202211209996,"mean_second_ratio":0.09587180474149268},"70":{"success_ratio":1,"success_rate":30.569073879302678,"mean_second_ratio":0.14729527499854528},"71":{"success_ratio":1,"success_rate":30.178839804692473,"mean_second_ratio":0.1125815509092368},"72":{"success_ratio":1,"success_rate":29.06554279898817,"mean_second_ratio":0.13311360546778742},"73":{"success_ratio":1,"success_rate":29.225922224004652,"mean_second_ratio":0.09511512285813678},"74":{"success_ratio":1,"success_rate":28.250024012523607,"mean_second_ratio":0.08309338074917039},"76":{"success_ratio":1,"success_rate":28.287742921019536,"mean_second_ratio":0.12057276057276063},"78":{"success_ratio":1,"success_rate":27.193865064008495,"mean_second_ratio":0.13224491086347598},"94":{"success_ratio":1,"success_rate":22.42625127269182,"mean_second_ratio":0.12995042459873085},"125":{"success_ratio":1,"success_rate":16.931073599386817,"mean_second_ratio":0.10791563554555707},"250":{"success_ratio":1,"success_rate":8.681806579769088,"mean_second_ratio":0.1102068031084797},"500":{"success_ratio":1,"success_rate":4.3603459672903035,"mean_second_ratio":0.10497030019641984}},"options":{"interval":[1,500],"min_step_width":1,"sample_size":80,"integer":true,"configuration":{"probe_length":256,