{"method_name":"sweepMaxCacheHitNumber","display_data":{"2":{"success_ratio":0.164,"success_rate":38.360778443113404,"mean_second_ratio":0.4284552845528454},"3":{"success_ratio":0.344,"success_rate":39.23178687103725,"mean_second_ratio":0.4928294573643413},"4":{"success_ratio":0.002,"success_rate":0.2943427326779247,"mean_second_ratio":0.5},"5":{"success_ratio":0.058,"success_rate":9.245385277520906,"mean_second_ratio":0.4844827586206897},"6":{"success_ratio":0.096,"success_rate":14.014189366734106,"mean_second_ratio":0.5708333333333336},"7":{"success_ratio":0,"success_rate":0,"mean_second_ratio":null},"8":{"success_ratio":0.002,"success_rate":0.32123353678123395,"mean_second_ratio":0.4},"9":{"success_ratio":0.024,"success_rate":3.0162879549567934,"mean_second_ratio":0.5916666666666666},"10":{"success_ratio":0.01,"success_rate":1.2851818532322408,"mean_second_ratio":0.6000000000000001},"11":{"success_ratio":0.026,"success_rate":5.494505494505528,"mean_second_ratio":0.6115384615384614},"12":{"success_ratio":0.012,"success_rate":1.6234205470927525,"mean_second_ratio":0.7250000000000001},"13":{"success_ratio":0.02,"success_rate":2.734033245844265,"mean_second_ratio":0.715},"14":{"success_ratio":0.092,"success_rate":15.815712566615014,"mean_second_ratio":0.6068322981366461},"15":{"success_ratio":0.048,"success_rate":6.943038157780635,"mean_second_ratio":0.6},"16":{"success_ratio":0,"success_rate":0,"mean_second_ratio":null},"17":{"success_ratio":0,"success_rate":0,"mean_second_ratio":null},"18":{"success_ratio":0.008,"success_rate":1.3420567018956002,"mean_second_ratio":0.65},"19":{"success_ratio":0,"success_rate":0,"mean_second_ratio":null},"20":{"success_ratio":0,"success_rate":0,"mean_second_ratio":null},"21":{"success_ratio":0.098,"success_rate":13.666155347929491,"mean_second_ratio":0.6387755102040822},"22":{"success_ratio":0.068,"success_rate":14.7415886229626,"mean_second_ratio":0.6529411764705886},"23":{"success_ratio":0.032,"success_rate":3.3498733329145973,"mean_second_ratio":0.60625},"24":{"success_ratio":0,"success_rate":0,"mean_second_ratio":null},"25":{"success_ratio":0,"success_rate":0,"mean_second_ratio":null},"26":{"success_ratio":0.052,"success_rate":8.380338436744658,"mean_second_ratio":0.6791208791208792},"27":{"success_ratio":0.074,"success_rate":11.969848921096535,"mean_second_ratio":0.7000000000000004},"28":{"success_ratio":0.014,"success_rate":2.7591643673629878,"mean_second_ratio":0.7428571428571429},"29":{"success_ratio":0.004,"success_rate":0.5160757599215688,"mean_second_ratio":0.8},"30":{"success_ratio":0,"success_rate":0,"mean_second_ratio":null},"31":{"success_ratio":0,"success_rate":0,"mean_second_ratio":null},"32":{"success_ratio":0.004,"success_rate":0.8184980560670876,"mean_second_ratio":0.8},"33":{"success_ratio":0.004,"success_rate":0.7401102764311476,"mean_second_ratio":0.8},"34":{"success_ratio":0,"success_rate":0,"mean_second_ratio":null},"35":{"success_ratio":0,"success_rate":0,"mean_second_ratio":null},"36":{"success_ratio":0,"success_rate":0,"mean_second_ratio":null},"37":{"success_ratio":0,"success_rate":0,"mean_second_ratio":null},"38":{"success_ratio":0,"success_rate":0,"mean_second_ratio":null},"39":{"success_ratio":0,"success_rate":0,"mean_second_ratio":null},"40":{"success_ratio":0,"success_rate":0,"mean_second_ratio":null},"41":{"success_ratio":0,"success_rate":0,"mean_second_ratio":null},"42":{"success_ratio":0,"success_rate":0,"mean_second_ratio":null},"43":{"success_ratio":0,"success_rate":0,"mean_second_ratio":null},"44":{"success_ratio":0,"success_rate":0,"mean_second_ratio":null},"45":{"success_ratio":0,"success_rate":0,"mean_second_ratio":null},"46":{"success_ratio":0,"success_rate":0,"mean_second_ratio":null},"47":{"success_ratio":0,"success_rate":0,"mean_second_ratio":null},"48":{"success_ratio":0,"success_rate":0,"mean_second_ratio":null},"49":{"success_ratio":0,"success_rate":0,"mean_second_ratio":null},"50":{"success_ratio":0,"success_rate":0,"mean_second_ratio":null},"51":{"success_ratio":0,"success_rate":0,"mean_second_ratio":null},"52":{"success_ratio":0,"success_rate":0,"mean_second_ratio":null},"53":{"success_ratio":0,"success_rate":0,"mean_second_ratio":null},"54":{"success_ratio":0,"success_rate":0,"mean_second_ratio":null},"55":{"success_ratio":0,"success_rate":0,"mean_second_ratio":null},"56":{"success_ratio":0,"success_rate":0,"mean_second_ratio":null},"57":{"success_ratio":0,"success_rate":0,"mean_second_ratio":null},"58":{"success_ratio":0,"success_rate":0,"mean_second_ratio":null},"59":{"success_ratio":0,"success_rate":0,"mean_second_ratio":null},"60":{"success_ratio":0,"success_rate":0,"mean_second_ratio":null},"61":{"success_ratio":0,"success_rate":0,"mean_second_ratio":null},"62":{"success_ratio":0,"success_rate":0,"mean_second_ratio":null},"63":{"success_ratio":0,"success_rate":0,"mean_second_ratio":null},"64":{"success_ratio":0,"success_rate":0,"mean_second_ratio":null},"65":{"success_ratio":0,"success_rate":0,"mean_second_ratio":null},"66":{"success_ratio":0,"success_rate":0,"mean_second_ratio":null},"67":{"success_ratio":0,"success_rate":0,"mean_second_ratio":null},"68":{"success_ratio":0,"success_rate":0,"mean_second_ratio":null},"69":{"success_ratio":0,"success_rate":0,"mean_second_ratio":null},"70":{"success_ratio":0,"success_rate":0,"mean_second_ratio":null},"71":{"success_ratio":0,"success_rate":0,"mean_second_ratio":null},"72":{"success_ratio":0,"success_rate":0,"mean_second_ratio":null},"73":{"success_ratio":0,"success_rate":0,"mean_second_ratio":null},"74":{"success_ratio":0,"success_rate":0,"mean_second_ratio":null},"75":{"success_ratio":0,"success_rate":0,"mean_second_ratio":null},"76":{"success_ratio":0,"success_rate":0,"mean_second_ratio":null},"78":{"success_ratio":0,"success_rate":0,"mean_second_ratio":null},"82":{"success_ratio":0,"success_rate":0,"mean_second_ratio":null},"98":{"success_ratio":0,"success_rate":0,"mean_second_ratio":null},"130":{"success_ratio":0,"success_rate":0,"mean_second_ratio":null},"258":{"success_ratio":0,"success_rate":0,"mean_second_ratio":null}},"parameters":[500,3,3,5000,256],"worker":true}