{"method_name":"sweepMinIterations","display_data":{"1":{"success_ratio":0,"success_rate":0,"mean_second_ratio":null},"2":{"success_ratio":1,"success_rate":366.3003662989605,"mean_second_ratio":0.34000000000000014},"3":{"success_ratio":1,"success_rate":288.850375505527,"mean_second_ratio":0.26966666666666667},"4":{"success_ratio":1,"success_rate":211.86440678058855,"mean_second_ratio":0.25566666666666654},"5":{"success_ratio":1,"success_rate":219.20210433994436,"mean_second_ratio":0.21666666666666667},"6":{"success_ratio":1,"success_rate":189.03591682338538,"mean_second_ratio":0.18142857142857152},"7":{"success_ratio":1,"success_rate":146.88601645160685,"mean_second_ratio":0.17944444444444443},"8":{"success_ratio":1,"success_rate":150.87507543710973,"mean_second_ratio":0.16899999999999993},"9":{"success_ratio":1,"success_rate":124.31626056674361,"mean_second_ratio":0.16222222222222224},"10":{"success_ratio":1,"success_rate":122.18963831865406,"mean_second_ratio":0.15272727272727266},"11":{"success_ratio":1,"success_rate":119.4743130227666,"mean_second_ratio":0.14641025641025643},"12":{"success_ratio":1,"success_rate":105.44074230310473,"mean_second_ratio":0.1353846153846154},"13":{"success_ratio":1,"success_rate":97.42790335163093,"mean_second_ratio":0.1375824175824177},"14":{"success_ratio":1,"success_rate":96.58103148569371,"mean_second_ratio":0.13466666666666677},"15":{"success_ratio":1,"success_rate":89.01548869500111,"mean_second_ratio":0.12641666666666668},"17":{"success_ratio":1,"success_rate":78.5175879398955,"mean_second_ratio":0.11999999999999994},"33":{"success_ratio":1,"success_rate":44.401030103918266,"mean_second_ratio":0.08121619556913671},"65":{"success_ratio":1,"success_rate":24.0685472224882,"mean_second_ratio":0.0612354312354312},"129":{"success_ratio":1,"success_rate":12.745347948002669,"mean_second_ratio":0.047410852713178284},"257":{"success_ratio":1,"success_rate":6.454444530503372,"mean_second_ratio":0.03939583144813442}},"parameters":[50,14,3],"worker":true}