{"method_name":"sweepMinIterations","display_data":{"1":{"success_ratio":0,"success_rate":0,"mean_second_ratio":null},"2":{"success_ratio":0.928,"success_rate":328.9613612190117,"mean_second_ratio":0.344109195402299},"3":{"success_ratio":0.976,"success_rate":273.0375426621223,"mean_second_ratio":0.28405054644808747},"4":{"success_ratio":1,"success_rate":233.30689188585816,"mean_second_ratio":0.23563333333333522},"5":{"success_ratio":0.998,"success_rate":196.41029678026743,"mean_second_ratio":0.20973375322072785},"6":{"success_ratio":0.996,"success_rate":175.02548061710513,"mean_second_ratio":0.19899837445018195},"7":{"success_ratio":0.992,"success_rate":152.65765904417123,"mean_second_ratio":0.18877608166922683},"8":{"success_ratio":0.992,"success_rate":137.82754883713199,"mean_second_ratio":0.17463597670251052},"9":{"success_ratio":0.996,"success_rate":126.08871784484765,"mean_second_ratio":0.16466066285343461},"10":{"success_ratio":1,"success_rate":119.04478464793245,"mean_second_ratio":0.1561272727272734},"11":{"success_ratio":0.998,"success_rate":107.91755877076537,"mean_second_ratio":0.14853249622788697},"12":{"success_ratio":0.998,"success_rate":100.00000000004081,"mean_second_ratio":0.14544840596944875},"13":{"success_ratio":1,"success_rate":95.55661729577962,"mean_second_ratio":0.1360336996337005},"14":{"success_ratio":1,"success_rate":85.87524045071326,"mean_second_ratio":0.13044523809523823},"15":{"success_ratio":0.998,"success_rate":81.37771326994478,"mean_second_ratio":0.12468564580140673},"17":{"success_ratio":1,"success_rate":73.33851592179606,"mean_second_ratio":0.11830103199174485},"33":{"success_ratio":1,"success_rate":41.2459578961255,"mean_second_ratio":0.08100142602495555},"65":{"success_ratio":1,"success_rate":22.15379162143818,"mean_second_ratio":0.05709827610200785},"129":{"success_ratio":1,"success_rate":11.467889908256307,"mean_second_ratio":0.040573127904700856},"257":{"success_ratio":1,"success_rate":5.806290535165834,"mean_second_ratio":0.031197455827534547}},"parameters":[500,30,3],"worker":true}