{"method_name":"max_cache_hit_number","test_results":{"2":{"success_ratio":1,"success_rate":464.0801930659251,"mean_second_ratio":0.2636},"3":{"success_ratio":0.996,"success_rate":441.8811002631809,"mean_second_ratio":0.29595046854083},"4":{"success_ratio":0.996,"success_rate":443.3365975225578,"mean_second_ratio":0.3149598393574299},"5":{"success_ratio":0.992,"success_rate":442.46208741652265,"mean_second_ratio":0.3746975806451616},"6":{"success_ratio":0.99,"success_rate":434.70624396954184,"mean_second_ratio":0.4084848484848489},"7":{"success_ratio":0.986,"success_rate":423.321312031833,"mean_second_ratio":0.4430020283975666},"8":{"success_ratio":0.98,"success_rate":431.4139813388809,"mean_second_ratio":0.4589795918367353},"9":{"success_ratio":0.97,"success_rate":427.31277533784737,"mean_second_ratio":0.49175257731958805},"10":{"success_ratio":0.96,"success_rate":416.1248374458598,"mean_second_ratio":0.48447916666666724},"11":{"success_ratio":0.96,"success_rate":394.7693066831092,"mean_second_ratio":0.4866666666666674},"12":{"success_ratio":0.942,"success_rate":395.83158248672873,"mean_second_ratio":0.494161358811041},"13":{"success_ratio":0.908,"success_rate":389.23182441152426,"mean_second_ratio":0.5193832599118944},"14":{"success_ratio":0.916,"success_rate":393.6398796750534,"mean_second_ratio":0.5218340611353713},"15":{"success_ratio":0.902,"success_rate":381.8474303563034,"mean_second_ratio":0.5222838137472283},"16":{"success_ratio":0.86,"success_rate":363.0223723080635,"mean_second_ratio":0.5353488372093022},"17":{"success_ratio":0.838,"success_rate":361.4561766752523,"mean_second_ratio":0.5727923627684954},"18":{"success_ratio":0.882,"success_rate":336.0512078055264,"mean_second_ratio":0.552154195011337},"19":{"success_ratio":0.832,"success_rate":332.45424758157395,"mean_second_ratio":0.5612980769230755},"20":{"success_ratio":0.774,"success_rate":334.7750865002007,"mean_second_ratio":0.5811369509043905},"21":{"success_ratio":0.786,"success_rate":319.85024822803024,"mean_second_ratio":0.5916030534351129},"22":{"success_ratio":0.794,"success_rate":346.4223385753402,"mean_second_ratio":0.5960957178841293},"23":{"success_ratio":0.728,"success_rate":322.8381374716172,"mean_second_ratio":0.6087912087912065},"24":{"success_ratio":0.684,"success_rate":307.96938316609766,"mean_second_ratio":0.6144736842105242},"25":{"success_ratio":0.676,"success_rate":302.43378668636007,"mean_second_ratio":0.6218934911242583},"26":{"success_ratio":0.676,"success_rate":280.5444887102363,"mean_second_ratio":0.6119822485207081},"27":{"success_ratio":0.646,"success_rate":289.79005921386204,"mean_second_ratio":0.6181114551083566},"28":{"success_ratio":0.55,"success_rate":249.16190993772875,"mean_second_ratio":0.6409090909090892},"29":{"success_ratio":0.592,"success_rate":260.5633802820106,"mean_second_ratio":0.6376689189189169},"30":{"success_ratio":0.538,"success_rate":247.8120681677883,"mean_second_ratio":0.6397769516728602},"31":{"success_ratio":0.496,"success_rate":231.58091324607597,"mean_second_ratio":0.6542338709677404},"32":{"success_ratio":0.402,"success_rate":203.42070640875545,"mean_second_ratio":0.6733830845771126},"33":{"success_ratio":0.37,"success_rate":179.38524192725103,"mean_second_ratio":0.6694594594594572},"34":{"success_ratio":0.424,"success_rate":193.5189411235153,"mean_second_ratio":0.6587264150943375},"35":{"success_ratio":0.388,"success_rate":195.66313666088865,"mean_second_ratio":0.6603092783505132},"36":{"success_ratio":0.368,"success_rate":176.54960659712881,"mean_second_ratio":0.6831521739130413},"37":{"success_ratio":0.286,"success_rate":151.0510193302384,"mean_second_ratio":0.6762237762237747},"38":{"success_ratio":0.268,"success_rate":140.72673808027653,"mean_second_ratio":0.6985074626865658},"39":{"success_ratio":0.232,"success_rate":117.94611082842181,"mean_second_ratio":0.6995689655172406},"40":{"success_ratio":0.232,"success_rate":120.48192770978866,"mean_second_ratio":0.6931034482758612},"41":{"success_ratio":0.17,"success_rate":93.71554575456345,"mean_second_ratio":0.724705882352941},"42":{"success_ratio":0.206,"success_rate":110.11332050263454,"mean_second_ratio":0.7063106796116498},"43":{"success_ratio":0.15,"success_rate":80.40308748024096,"mean_second_ratio":0.7093333333333334},"44":{"success_ratio":0.18,"success_rate":94.75679090313437,"mean_second_ratio":0.7083333333333331},"45":{"success_ratio":0.126,"success_rate":68.67233486113506,"mean_second_ratio":0.7333333333333334},"46":{"success_ratio":0.142,"success_rate":78.02197802167858,"mean_second_ratio":0.7154929577464787},"47":{"success_ratio":0.134,"success_rate":70.83201184120975,"mean_second_ratio":0.7186567164179103},"48":{"success_ratio":0.14,"success_rate":72.833211945716,"mean_second_ratio":0.7164285714285715},"49":{"success_ratio":0.084,"success_rate":47.721849790864674,"mean_second_ratio":0.7321428571428575},"50":{"success_ratio":0.088,"success_rate":48.73186399296084,"mean_second_ratio":0.7590909090909096},"51":{"success_ratio":0.078,"success_rate":41.92646742624658,"mean_second_ratio":0.738461538461539},"52":{"success_ratio":0.07,"success_rate":38.205436087672076,"mean_second_ratio":0.7771428571428576},"53":{"success_ratio":0.068,"success_rate":38.69792852280965,"mean_second_ratio":0.7529411764705887},"54":{"success_ratio":0.084,"success_rate":42.630937880826814,"mean_second_ratio":0.7511904761904767},"55":{"success_ratio":0.064,"success_rate":33.3646126574456,"mean_second_ratio":0.7546875000000003},"56":{"success_ratio":0.046,"success_rate":26.003391747173964,"mean_second_ratio":0.7478260869565219},"57":{"success_ratio":0.028,"success_rate":15.916325602806136,"mean_second_ratio":0.7571428571428572},"58":{"success_ratio":0.038,"success_rate":19.320724018762743,"mean_second_ratio":0.7789473684210528},"59":{"success_ratio":0.024,"success_rate":13.472549680193172,"mean_second_ratio":0.7666666666666666},"60":{"success_ratio":0.03,"success_rate":16.163793103196838,"mean_second_ratio":0.76},"61":{"success_ratio":0.014,"success_rate":8.501335924280125,"mean_second_ratio":0.7714285714285714},"62":{"success_ratio":0.024,"success_rate":13.492241960651391,"mean_second_ratio":0.7833333333333333},"63":{"success_ratio":0.022,"success_rate":11.496655518220637,"mean_second_ratio":0.7818181818181817},"64":{"success_ratio":0.014,"success_rate":7.59136753066841,"mean_second_ratio":0.7142857142857143},"65":{"success_ratio":0.018,"success_rate":10.701545778645107,"mean_second_ratio":0.7777777777777777},"66":{"success_ratio":0.01,"success_rate":6.0226451455608645,"mean_second_ratio":0.8},"67":{"success_ratio":0.008,"success_rate":4.5045045044726155,"mean_second_ratio":0.8},"68":{"success_ratio":0.026,"success_rate":13.219442749679773,"mean_second_ratio":0.7846153846153847},"69":{"success_ratio":0.004,"success_rate":2.254791431823336,"mean_second_ratio":0.8},"70":{"success_ratio":0.014,"success_rate":7.8107565276626785,"mean_second_ratio":0.7714285714285714},"71":{"success_ratio":0.014,"success_rate":7.554500323714186,"mean_second_ratio":0.7142857142857142},"72":{"success_ratio":0.032,"success_rate":16.70320492729686,"mean_second_ratio":0.7593750000000001},"73":{"success_ratio":0.004,"success_rate":2.4119633381357235,"mean_second_ratio":0.8},"81":{"success_ratio":0.004,"success_rate":2.2601423889588497,"mean_second_ratio":0.8},"82":{"success_ratio":0.006,"success_rate":3.2837127845889436,"mean_second_ratio":0.8000000000000002},"83":{"success_ratio":0,"success_rate":0,"mean_second_ratio":null},"85":{"success_ratio":0,"success_rate":0,"mean_second_ratio":null},"89":{"success_ratio":0,"success_rate":0,"mean_second_ratio":null},"97":{"success_ratio":0,"success_rate":0,"mean_second_ratio":null},"129":{"success_ratio":0,"success_rate":0,"mean_second_ratio":null},"256":{"success_ratio":0,"success_rate":0,"mean_second_ratio":null}},"options":{"interval":[2,256],"min_step_width":1,"length":80,"integer":true,"configuration":{"repetitions":500,"probe_length":256,"page_size":5000,"min_iterations":3,