{"method_name":"max_cache_hit_number","test_results":{"2":{"success_ratio":1,"success_rate":476.68986556281305,"mean_second_ratio":0.25939999999999996},"3":{"success_ratio":0.994,"success_rate":443.7103830014808,"mean_second_ratio":0.2860160965794769},"4":{"success_ratio":0.998,"success_rate":418.69441181388277,"mean_second_ratio":0.31272545090180376},"5":{"success_ratio":0.994,"success_rate":453.7155377068254,"mean_second_ratio":0.38008048289738466},"6":{"success_ratio":0.99,"success_rate":439.9217916777648,"mean_second_ratio":0.4165656565656571},"7":{"success_ratio":0.984,"success_rate":444.1234879833763,"mean_second_ratio":0.4254065040650411},"8":{"success_ratio":0.976,"success_rate":416.70224574942154,"mean_second_ratio":0.4404713114754104},"9":{"success_ratio":0.98,"success_rate":425.56887267582914,"mean_second_ratio":0.47040816326530693},"10":{"success_ratio":0.97,"success_rate":401.5565490962787,"mean_second_ratio":0.4878350515463923},"11":{"success_ratio":0.952,"success_rate":411.5866839663566,"mean_second_ratio":0.4928571428571434},"12":{"success_ratio":0.948,"success_rate":403.3699259661135,"mean_second_ratio":0.504430379746836},"13":{"success_ratio":0.938,"success_rate":406.4124783431096,"mean_second_ratio":0.5200426439232408},"14":{"success_ratio":0.92,"success_rate":389.86354775254546,"mean_second_ratio":0.5248913043478258},"15":{"success_ratio":0.876,"success_rate":385.903083697274,"mean_second_ratio":0.5340182648401822},"16":{"success_ratio":0.868,"success_rate":368.3585129875267,"mean_second_ratio":0.5328341013824879},"17":{"success_ratio":0.826,"success_rate":346.1280590068952,"mean_second_ratio":0.5621065375302657},"18":{"success_ratio":0.834,"success_rate":349.65621331268744,"mean_second_ratio":0.5531175059952026},"19":{"success_ratio":0.828,"success_rate":355.45634069045104,"mean_second_ratio":0.5632850241545881},"20":{"success_ratio":0.772,"success_rate":316.96501888311093,"mean_second_ratio":0.5739637305699467},"21":{"success_ratio":0.766,"success_rate":318.4501538143562,"mean_second_ratio":0.5899477806788491},"22":{"success_ratio":0.742,"success_rate":321.6577076522422,"mean_second_ratio":0.6088948787061975},"23":{"success_ratio":0.674,"success_rate":294.68345575109623,"mean_second_ratio":0.6032640949554878},"24":{"success_ratio":0.672,"success_rate":284.6733881199119,"mean_second_ratio":0.6083333333333311},"25":{"success_ratio":0.608,"success_rate":273.25842696915157,"mean_second_ratio":0.6146381578947345},"26":{"success_ratio":0.642,"success_rate":279.78732677149645,"mean_second_ratio":0.6194704049844215},"27":{"success_ratio":0.62,"success_rate":269.2140686112827,"mean_second_ratio":0.6366129032258044},"28":{"success_ratio":0.492,"success_rate":241.05830475631214,"mean_second_ratio":0.6430894308943067},"29":{"success_ratio":0.472,"success_rate":227.49180643894,"mean_second_ratio":0.6436440677966083},"30":{"success_ratio":0.47,"success_rate":212.84303957474816,"mean_second_ratio":0.6304255319148915},"31":{"success_ratio":0.462,"success_rate":213.39491917065664,"mean_second_ratio":0.6497835497835476},"32":{"success_ratio":0.412,"success_rate":193.90060241050543,"mean_second_ratio":0.659546925566341},"33":{"success_ratio":0.422,"success_rate":196.95696817292958,"mean_second_ratio":0.6606635071090031},"34":{"success_ratio":0.372,"success_rate":187.1980676352892,"mean_second_ratio":0.6642473118279549},"35":{"success_ratio":0.396,"success_rate":190.43954987127222,"mean_second_ratio":0.6772727272727254},"36":{"success_ratio":0.352,"success_rate":173.33070710983856,"mean_second_ratio":0.6775568181818162},"37":{"success_ratio":0.322,"success_rate":152.69347495877292,"mean_second_ratio":0.6829192546583835},"38":{"success_ratio":0.27,"success_rate":132.6650943368786,"mean_second_ratio":0.6714814814814802},"39":{"success_ratio":0.238,"success_rate":125.46125461273091,"mean_second_ratio":0.7042016806722677},"40":{"success_ratio":0.264,"success_rate":140.1571458907711,"mean_second_ratio":0.7003787878787866},"41":{"success_ratio":0.248,"success_rate":130.37535485149758,"mean_second_ratio":0.7032258064516119},"42":{"success_ratio":0.24,"success_rate":121.4329083190755,"mean_second_ratio":0.6895833333333325},"43":{"success_ratio":0.134,"success_rate":74.27937915727455,"mean_second_ratio":0.7126865671641791},"44":{"success_ratio":0.186,"success_rate":98.52738637432411,"mean_second_ratio":0.7069892473118276},"45":{"success_ratio":0.14,"success_rate":79.05138339885613,"mean_second_ratio":0.7228571428571426},"46":{"success_ratio":0.124,"success_rate":71.61834353744968,"mean_second_ratio":0.7354838709677418},"47":{"success_ratio":0.126,"success_rate":68.44106463822929,"mean_second_ratio":0.7079365079365081},"48":{"success_ratio":0.144,"success_rate":72.65388496615013,"mean_second_ratio":0.7215277777777775},"49":{"success_ratio":0.132,"success_rate":70.52789057441433,"mean_second_ratio":0.7393939393939392},"50":{"success_ratio":0.11,"success_rate":63.02280279540283,"mean_second_ratio":0.7527272727272728},"51":{"success_ratio":0.092,"success_rate":51.58685656736506,"mean_second_ratio":0.7347826086956526},"52":{"success_ratio":0.044,"success_rate":26.017029328270414,"mean_second_ratio":0.7363636363636364},"53":{"success_ratio":0.06,"success_rate":35.73981415308933,"mean_second_ratio":0.7466666666666669},"54":{"success_ratio":0.088,"success_rate":46.62004661964179,"mean_second_ratio":0.7477272727272731},"55":{"success_ratio":0.058,"success_rate":33.26451020901045,"mean_second_ratio":0.7620689655172417},"56":{"success_ratio":0.04,"success_rate":21.980437410734844,"mean_second_ratio":0.7800000000000002},"57":{"success_ratio":0.02,"success_rate":11.649580615133878,"mean_second_ratio":0.7549999999999999},"58":{"success_ratio":0.018,"success_rate":10.864316755210272,"mean_second_ratio":0.7555555555555555},"59":{"success_ratio":0.026,"success_rate":13.831258644572285,"mean_second_ratio":0.8},"60":{"success_ratio":0.026,"success_rate":14.466948586917564,"mean_second_ratio":0.7961538461538462},"61":{"success_ratio":0.03,"success_rate":16.94340901399965,"mean_second_ratio":0.7866666666666668},"62":{"success_ratio":0.016,"success_rate":9.015100292920746,"mean_second_ratio":0.7999999999999999},"63":{"success_ratio":0.018,"success_rate":10.494402984859802,"mean_second_ratio":0.7999999999999999},"64":{"success_ratio":0.012,"success_rate":6.560244915679259,"mean_second_ratio":0.7999999999999999},"65":{"success_ratio":0.002,"success_rate":1.2368583796945074,"mean_second_ratio":0.8},"66":{"success_ratio":0.002,"success_rate":1.0778184953596464,"mean_second_ratio":0.8},"67":{"success_ratio":0.036,"success_rate":19.569471624195803,"mean_second_ratio":0.7444444444444447},"68":{"success_ratio":0.04,"success_rate":22.444170126607826,"mean_second_ratio":0.7900000000000003},"69":{"success_ratio":0.002,"success_rate":1.0856584518429795,"mean_second_ratio":0.8},"70":{"success_ratio":0.01,"success_rate":5.514503143136797,"mean_second_ratio":0.8},"71":{"success_ratio":0.012,"success_rate":7.099751508647513,"mean_second_ratio":0.7999999999999999},"72":{"success_ratio":0.012,"success_rate":6.257822277892594,"mean_second_ratio":0.7999999999999999},"73":{"success_ratio":0,"success_rate":0,"mean_second_ratio":null},"74":{"success_ratio":0.014,"success_rate":7.920343969129494,"mean_second_ratio":0.7999999999999999},"75":{"success_ratio":0.03,"success_rate":15.687094749804773,"mean_second_ratio":0.7566666666666667},"76":{"success_ratio":0.014,"success_rate":7.422330611780225,"mean_second_ratio":0.7999999999999999},"77":{"success_ratio":0.01,"success_rate":5.390254419866021,"mean_second_ratio":0.8},"81":{"success_ratio":0,"success_rate":0,"mean_second_ratio":null},"97":{"success_ratio":0,"success_rate":0,"mean_second_ratio":null},"129":{"success_ratio":0,"success_rate":0,"mean_second_ratio":null},"256":{"success_ratio":0,"success_rate":0,"mean_second_ratio":null}},"options":{"interval":[2,256],"min_step_width":1,"length":80,"integer":true,"configuration":{"repetitions":500,