{"method_name":"max_cache_hit_number","test_results":{"1":{"success_ratio":0,"success_rate":0,"mean_second_ratio":null},"2":{"success_ratio":0.988,"success_rate":431.4787317727052,"mean_second_ratio":0.26153846153846155},"3":{"success_ratio":0.984,"success_rate":405.7397328059002,"mean_second_ratio":0.28465447154471546},"4":{"success_ratio":0.992,"success_rate":459.3868667213659,"mean_second_ratio":0.352217741935484},"5":{"success_ratio":0.998,"success_rate":428.7309906297369,"mean_second_ratio":0.3649298597194392},"6":{"success_ratio":0.98,"success_rate":414.1311697094423,"mean_second_ratio":0.4054081632653066},"7":{"success_ratio":0.992,"success_rate":404.2050362679371,"mean_second_ratio":0.426512096774194},"8":{"success_ratio":0.984,"success_rate":428.0494170782796,"mean_second_ratio":0.4546747967479679},"9":{"success_ratio":0.974,"success_rate":393.8536190864269,"mean_second_ratio":0.4523956194387411},"10":{"success_ratio":0.968,"success_rate":400.1322751316282,"mean_second_ratio":0.47789256198347185},"11":{"success_ratio":0.97,"success_rate":394.7582614350774,"mean_second_ratio":0.47958762886598033},"12":{"success_ratio":0.934,"success_rate":380.94461212470185,"mean_second_ratio":0.510278372591007},"14":{"success_ratio":0.934,"success_rate":366.6195635120821,"mean_second_ratio":0.507601713062099},"15":{"success_ratio":0.92,"success_rate":349.67692892516794,"mean_second_ratio":0.513804347826087},"16":{"success_ratio":0.93,"success_rate":380.0261523290926,"mean_second_ratio":0.5302150537634408},"17":{"success_ratio":0.888,"success_rate":383.02277432890696,"mean_second_ratio":0.5397522522522518},"18":{"success_ratio":0.832,"success_rate":337.3884833718461,"mean_second_ratio":0.5592548076923065},"19":{"success_ratio":0.806,"success_rate":336.7312834210056,"mean_second_ratio":0.5604218362282868},"20":{"success_ratio":0.812,"success_rate":339.7773872366971,"mean_second_ratio":0.5628078817733984},"21":{"success_ratio":0.788,"success_rate":324.89486270207374,"mean_second_ratio":0.586802030456851},"22":{"success_ratio":0.802,"success_rate":321.0825526447964,"mean_second_ratio":0.5835411471321679},"23":{"success_ratio":0.708,"success_rate":301.1740684003608,"mean_second_ratio":0.6084745762711842},"24":{"success_ratio":0.72,"success_rate":310.45187996275786,"mean_second_ratio":0.617638888888887},"25":{"success_ratio":0.726,"success_rate":303.6386449180302,"mean_second_ratio":0.6020661157024769},"26":{"success_ratio":0.62,"success_rate":273.51332274776604,"mean_second_ratio":0.6270967741935465},"27":{"success_ratio":0.612,"success_rate":268.35043409649865,"mean_second_ratio":0.6155773420479279},"28":{"success_ratio":0.582,"success_rate":260.4492974172499,"mean_second_ratio":0.6310996563573862},"29":{"success_ratio":0.564,"success_rate":237.41370601408207,"mean_second_ratio":0.6234042553191466},"30":{"success_ratio":0.554,"success_rate":247.60883168144213,"mean_second_ratio":0.639350180505413},"31":{"success_ratio":0.416,"success_rate":198.66284622342846,"mean_second_ratio":0.664903846153844},"32":{"success_ratio":0.392,"success_rate":193.48469891291577,"mean_second_ratio":0.6737244897959163},"33":{"success_ratio":0.452,"success_rate":201.6236952432759,"mean_second_ratio":0.642920353982299},"34":{"success_ratio":0.408,"success_rate":185.42083257331333,"mean_second_ratio":0.6615196078431352},"35":{"success_ratio":0.398,"success_rate":194.62102689641662,"mean_second_ratio":0.6628140703517567},"36":{"success_ratio":0.27,"success_rate":140.80100125258335,"mean_second_ratio":0.6877777777777764},"37":{"success_ratio":0.392,"success_rate":181.63284218285415,"mean_second_ratio":0.6841836734693858},"38":{"success_ratio":0.3,"success_rate":147.44913005336565,"mean_second_ratio":0.6769999999999986},"39":{"success_ratio":0.25,"success_rate":130.67112690711784,"mean_second_ratio":0.6867999999999989},"40":{"success_ratio":0.208,"success_rate":109.38157341284939,"mean_second_ratio":0.7124999999999992},"41":{"success_ratio":0.218,"success_rate":115.27072758314239,"mean_second_ratio":0.6839449541284398},"42":{"success_ratio":0.248,"success_rate":125.48067192971135,"mean_second_ratio":0.6999999999999987},"43":{"success_ratio":0.212,"success_rate":105.88352811969945,"mean_second_ratio":0.70943396226415},"44":{"success_ratio":0.15,"success_rate":81.87772925787084,"mean_second_ratio":0.7139999999999997},"45":{"success_ratio":0.182,"success_rate":93.5925125967688,"mean_second_ratio":0.7153846153846152},"46":{"success_ratio":0.13,"success_rate":70.82152974538025,"mean_second_ratio":0.7107692307692306},"47":{"success_ratio":0.132,"success_rate":69.8264917487105,"mean_second_ratio":0.7143939393939394},"48":{"success_ratio":0.098,"success_rate":53.834322126236636,"mean_second_ratio":0.7336734693877555},"49":{"success_ratio":0.118,"success_rate":58.31768310748223,"mean_second_ratio":0.7389830508474575},"50":{"success_ratio":0.09,"success_rate":47.14016341936656,"mean_second_ratio":0.7333333333333336},"51":{"success_ratio":0.102,"success_rate":55.17689061913357,"mean_second_ratio":0.7568627450980392},"52":{"success_ratio":0.064,"success_rate":36.54636820468493,"mean_second_ratio":0.7687500000000004},"53":{"success_ratio":0.05,"success_rate":27.883113986847707,"mean_second_ratio":0.7680000000000002},"54":{"success_ratio":0.054,"success_rate":31.746031746014364,"mean_second_ratio":0.7629629629629633},"55":{"success_ratio":0.046,"success_rate":25.962298227971086,"mean_second_ratio":0.7565217391304351},"56":{"success_ratio":0.034,"success_rate":19.5965417869013,"mean_second_ratio":0.761764705882353},"57":{"success_ratio":0.032,"success_rate":17.819356275539214,"mean_second_ratio":0.7750000000000002},"58":{"success_ratio":0.048,"success_rate":25.837011519029467,"mean_second_ratio":0.766666666666667},"59":{"success_ratio":0.022,"success_rate":12.47872943861868,"mean_second_ratio":0.759090909090909},"60":{"success_ratio":0.022,"success_rate":12.071992976650348,"mean_second_ratio":0.7454545454545454},"62":{"success_ratio":0.02,"success_rate":10.587612493244414,"mean_second_ratio":0.76},"63":{"success_ratio":0.094,"success_rate":52.11220756198077,"mean_second_ratio":0.7159574468085109},"64":{"success_ratio":0.016,"success_rate":8.933556672117744,"mean_second_ratio":0.7999999999999999},"65":{"success_ratio":0.014,"success_rate":7.741650077502619,"mean_second_ratio":0.7714285714285715},"66":{"success_ratio":0.004,"success_rate":2.332633543248435,"mean_second_ratio":0.8},"67":{"success_ratio":0.008,"success_rate":4.235493434951135,"mean_second_ratio":0.8},"68":{"success_ratio":0,"success_rate":0,"mean_second_ratio":null},"69":{"success_ratio":0.02,"success_rate":11.405109489074718,"mean_second_ratio":0.7799999999999999},"70":{"success_ratio":0.034,"success_rate":18.671059857259504,"mean_second_ratio":0.7352941176470589},"71":{"success_ratio":0.004,"success_rate":2.2256843979873175,"mean_second_ratio":0.8},"72":{"success_ratio":0.004,"success_rate":2.355157795580827,"mean_second_ratio":0.8},"73":{"success_ratio":0.002,"success_rate":1.1103708638764551,"mean_second_ratio":0.8},"74":{"success_ratio":0.018,"success_rate":9.510725985311117,"mean_second_ratio":0.7999999999999999},"75":{"success_ratio":0.016,"success_rate":8.476372112662142,"mean_second_ratio":0.775},"76":{"success_ratio":0.048,"success_rate":25.534631343825758,"mean_second_ratio":0.7541666666666669},"77":{"success_ratio":0,"success_rate":0,"mean_second_ratio":null},"78":{"success_ratio":0.004,"success_rate":2.2745365631739283,"mean_second_ratio":0.8},"80":{"success_ratio":0.002,"success_rate":1.1405109489074718,"mean_second_ratio":0.8},"96":{"success_ratio":0,"success_rate":0,"mean_second_ratio":null},"128":{"success_ratio":0,"success_rate":0,"mean_second_ratio":null},"256":{"success_ratio":0,"success_rate":0,"mean_second_ratio":null}},"options":{"interval":[1,256],"min_step_width":1,"length":80,"integer":true,"configuration":{"repetitions":500,"page_size":5000,"probe_length":256,"min_iterations":3,"max_cache_hit_number":3}},