{"method_name":"sweepMinIterations","display_data":{"1":{"success_ratio":0,"success_rate":0,"mean_second_ratio":null},"2":{"success_ratio":0.858,"success_rate":314.6545401198254,"mean_second_ratio":0.34498834498834474},"3":{"success_ratio":0.94,"success_rate":256.4382365778948,"mean_second_ratio":0.27953900709219864},"4":{"success_ratio":0.976,"success_rate":248.08093132000764,"mean_second_ratio":0.238080601092898},"5":{"success_ratio":0.986,"success_rate":189.01924699008768,"mean_second_ratio":0.21305901671013275},"6":{"success_ratio":0.99,"success_rate":187.67060964525993,"mean_second_ratio":0.1886123136123135},"7":{"success_ratio":1,"success_rate":175.1374829241904,"mean_second_ratio":0.17985714285714288},"8":{"success_ratio":1,"success_rate":158.493676102184,"mean_second_ratio":0.17223888888889025},"9":{"success_ratio":0.998,"success_rate":128.50888488288902,"mean_second_ratio":0.1649804659824706},"10":{"success_ratio":0.998,"success_rate":128.8373654178589,"mean_second_ratio":0.1549978745369534},"11":{"success_ratio":1,"success_rate":118.37961976459736,"mean_second_ratio":0.14810572760572746},"12":{"success_ratio":1,"success_rate":108.51636426774652,"mean_second_ratio":0.14045521145521192},"13":{"success_ratio":1,"success_rate":98.74202658130622,"mean_second_ratio":0.13653104395604457},"14":{"success_ratio":1,"success_rate":88.42045695691763,"mean_second_ratio":0.13247967032967045},"15":{"success_ratio":1,"success_rate":83.56871855725167,"mean_second_ratio":0.12512696078431373},"17":{"success_ratio":1,"success_rate":79.17029530519383,"mean_second_ratio":0.11625103199174498},"33":{"success_ratio":1,"success_rate":43.35874155588679,"mean_second_ratio":0.08114692831678143},"65":{"success_ratio":1,"success_rate":23.753194804700456,"mean_second_ratio":0.056482950848902785},"129":{"success_ratio":1,"success_rate":11.963267981987794,"mean_second_ratio":0.040156384538001876},"257":{"success_ratio":1,"success_rate":6.17238991233971,"mean_second_ratio":0.029550230052969924}},"parameters":[500,30,3],"worker":true}