{"method_name":"sweepMinIterations","display_data":{"1":{"success_ratio":0,"success_rate":0,"mean_second_ratio":null},"9":{"success_ratio":0.042,"success_rate":3.9634606673715256,"mean_second_ratio":0.31681096681096677},"10":{"success_ratio":0.114,"success_rate":9.461680195202199,"mean_second_ratio":0.2760937892516841},"11":{"success_ratio":0.144,"success_rate":10.526623585482556,"mean_second_ratio":0.3132561882561881},"12":{"success_ratio":0.084,"success_rate":6.471095772222281,"mean_second_ratio":0.264937641723356},"13":{"success_ratio":0.3,"success_rate":18.671346950969152,"mean_second_ratio":0.27599709114415},"14":{"success_ratio":0.154,"success_rate":10.053400530082616,"mean_second_ratio":0.28239659500163694},"15":{"success_ratio":0.066,"success_rate":4.081481206638529,"mean_second_ratio":0.24097593582887697},"16":{"success_ratio":0.234,"success_rate":10.853130246840617,"mean_second_ratio":0.25764934478814744},"17":{"success_ratio":0.17,"success_rate":8.925383791511523,"mean_second_ratio":0.23037293348712015},"25":{"success_ratio":0.154,"success_rate":4.992737835871729,"mean_second_ratio":0.19928959928959913},"27":{"success_ratio":0.154,"success_rate":4.745119305854361,"mean_second_ratio":0.20213109277148686},"28":{"success_ratio":0.116,"success_rate":3.379657955306547,"mean_second_ratio":0.1945228780016475},"29":{"success_ratio":0.088,"success_rate":2.8690101263025127,"mean_second_ratio":0.1913414756065049},"33":{"success_ratio":0.06,"success_rate":1.8952315973003038,"mean_second_ratio":0.22599338834632957},"65":{"success_ratio":0.074,"success_rate":1.2528146003694773,"mean_second_ratio":0.1766191721415602},"81":{"success_ratio":0.016,"success_rate":0.1853130168495528,"mean_second_ratio":0.17410102080797057},"97":{"success_ratio":0.024,"success_rate":0.2416188462699694,"mean_second_ratio":0.1799330035044321},"129":{"success_ratio":0.018,"success_rate":0.15937299123624302,"mean_second_ratio":0.14479797772892042},"257":{"success_ratio":0.018,"success_rate":0.07090762548482696,"mean_second_ratio":0.13117976141231957}},"parameters":[500,3,3,5000],"worker":true}