{"method_name":"max_cache_hit_number","test_results":{"1":{"success_ratio":0,"success_rate":0,"mean_second_ratio":null},"2":{"success_ratio":0.996,"success_rate":403.36951239394057,"mean_second_ratio":0.2717871485943775},"3":{"success_ratio":0.996,"success_rate":423.5774432280136,"mean_second_ratio":0.27991967871485945},"4":{"success_ratio":0.998,"success_rate":441.08547688180414,"mean_second_ratio":0.3328991315965265},"5":{"success_ratio":0.996,"success_rate":452.1107580613996,"mean_second_ratio":0.3524096385542171},"6":{"success_ratio":0.986,"success_rate":422.84930097185986,"mean_second_ratio":0.4124746450304264},"7":{"success_ratio":0.996,"success_rate":420.67916877890707,"mean_second_ratio":0.4208835341365466},"8":{"success_ratio":0.984,"success_rate":439.1288825477349,"mean_second_ratio":0.44989837398374044},"9":{"success_ratio":0.976,"success_rate":421.016305758152,"mean_second_ratio":0.46588114754098425},"10":{"success_ratio":0.972,"success_rate":432.9235702823372,"mean_second_ratio":0.4851851851851858},"11":{"success_ratio":0.96,"success_rate":385.88310957432014,"mean_second_ratio":0.4938541666666674},"12":{"success_ratio":0.946,"success_rate":391.6211293248243,"mean_second_ratio":0.5029598308668082},"13":{"success_ratio":0.928,"success_rate":371.2296983772808,"mean_second_ratio":0.5153017241379313},"14":{"success_ratio":0.94,"success_rate":400.1021537402864,"mean_second_ratio":0.5249999999999998},"15":{"success_ratio":0.904,"success_rate":364.134375253446,"mean_second_ratio":0.5316371681415929},"16":{"success_ratio":0.89,"success_rate":387.05749325606973,"mean_second_ratio":0.5376404494382018},"17":{"success_ratio":0.862,"success_rate":371.80814354900656,"mean_second_ratio":0.5432714617169367},"18":{"success_ratio":0.838,"success_rate":339.32620667159705,"mean_second_ratio":0.5667064439140798},"19":{"success_ratio":0.846,"success_rate":358.6569442108598,"mean_second_ratio":0.5660756501182018},"20":{"success_ratio":0.8,"success_rate":343.8493939696962,"mean_second_ratio":0.5922499999999983},"21":{"success_ratio":0.76,"success_rate":331.0104529571745,"mean_second_ratio":0.5868421052631565},"22":{"success_ratio":0.73,"success_rate":319.27921623754844,"mean_second_ratio":0.5997260273972583},"23":{"success_ratio":0.752,"success_rate":301.06493714325046,"mean_second_ratio":0.5910904255319132},"24":{"success_ratio":0.67,"success_rate":296.51265710872366,"mean_second_ratio":0.6123880597014904},"25":{"success_ratio":0.686,"success_rate":298.3386970566128,"mean_second_ratio":0.6173469387755078},"26":{"success_ratio":0.578,"success_rate":262.7989451688779,"mean_second_ratio":0.6309688581314857},"27":{"success_ratio":0.642,"success_rate":279.76294230038906,"mean_second_ratio":0.6191588785046707},"28":{"success_ratio":0.594,"success_rate":269.4855276317248,"mean_second_ratio":0.6343434343434325},"29":{"success_ratio":0.536,"success_rate":234.4296711004465,"mean_second_ratio":0.6445895522388037},"30":{"success_ratio":0.438,"success_rate":208.09578107461655,"mean_second_ratio":0.6518264840182629},"31":{"success_ratio":0.422,"success_rate":200.66571564960515,"mean_second_ratio":0.6568720379146901},"32":{"success_ratio":0.464,"success_rate":214.83470691500972,"mean_second_ratio":0.6467672413793085},"33":{"success_ratio":0.414,"success_rate":197.70773639131156,"mean_second_ratio":0.668840579710143},"34":{"success_ratio":0.36,"success_rate":171.85411494960417,"mean_second_ratio":0.6630555555555531},"35":{"success_ratio":0.348,"success_rate":171.9707452052883,"mean_second_ratio":0.6729885057471244},"36":{"success_ratio":0.24,"success_rate":128.36970474730666,"mean_second_ratio":0.6862499999999995},"37":{"success_ratio":0.338,"success_rate":154.30971511902348,"mean_second_ratio":0.667455621301773},"38":{"success_ratio":0.35,"success_rate":165.5942467841194,"mean_second_ratio":0.6868571428571407},"39":{"success_ratio":0.348,"success_rate":162.90609493875218,"mean_second_ratio":0.6882183908045953},"40":{"success_ratio":0.242,"success_rate":126.4103635598064,"mean_second_ratio":0.6991735537190075},"41":{"success_ratio":0.266,"success_rate":127.27272727116764,"mean_second_ratio":0.701879699248119},"42":{"success_ratio":0.218,"success_rate":113.41171574060917,"mean_second_ratio":0.7022935779816505},"43":{"success_ratio":0.204,"success_rate":109.32475884020661,"mean_second_ratio":0.7044117647058817},"44":{"success_ratio":0.184,"success_rate":98.97794513196484,"mean_second_ratio":0.7124999999999997},"45":{"success_ratio":0.17,"success_rate":88.78211823830364,"mean_second_ratio":0.7099999999999997},"46":{"success_ratio":0.136,"success_rate":74.34944237769827,"mean_second_ratio":0.7176470588235293},"47":{"success_ratio":0.126,"success_rate":67.47349255691967,"mean_second_ratio":0.71984126984127},"48":{"success_ratio":0.104,"success_rate":58.94355021585603,"mean_second_ratio":0.7221153846153852},"49":{"success_ratio":0.112,"success_rate":57.53030614412214,"mean_second_ratio":0.7312500000000003},"50":{"success_ratio":0.106,"success_rate":58.158674422565234,"mean_second_ratio":0.7547169811320753},"51":{"success_ratio":0.076,"success_rate":41.46660846849107,"mean_second_ratio":0.7263157894736847},"52":{"success_ratio":0.068,"success_rate":36.386986301436956,"mean_second_ratio":0.770588235294118},"53":{"success_ratio":0.076,"success_rate":43.804034582485265,"mean_second_ratio":0.772368421052632},"54":{"success_ratio":0.052,"success_rate":28.288543140054085,"mean_second_ratio":0.7461538461538465},"55":{"success_ratio":0.044,"success_rate":25.685931115170497,"mean_second_ratio":0.7392857142857145},"56":{"success_ratio":0.02,"success_rate":12.214486380796275,"mean_second_ratio":0.7599999999999999},"57":{"success_ratio":0.028,"success_rate":15.837104072560868,"mean_second_ratio":0.8},"58":{"success_ratio":0.03,"success_rate":17.81261132924731,"mean_second_ratio":0.7466666666666667},"59":{"success_ratio":0.014,"success_rate":8.155656530144498,"mean_second_ratio":0.7714285714285715},"60":{"success_ratio":0.026,"success_rate":14.745916515537878,"mean_second_ratio":0.7692307692307694},"61":{"success_ratio":0.028,"success_rate":16.010978956988,"mean_second_ratio":0.7714285714285715},"62":{"success_ratio":0.02,"success_rate":10.990218705367422,"mean_second_ratio":0.7749999999999999},"63":{"success_ratio":0.008,"success_rate":5.002501250634927,"mean_second_ratio":0.8},"64":{"success_ratio":0.01,"success_rate":5.686988171092015,"mean_second_ratio":0.8},"65":{"success_ratio":0.02,"success_rate":10.841283608199204,"mean_second_ratio":0.7999999999999999},"66":{"success_ratio":0.006,"success_rate":3.333703744791883,"mean_second_ratio":0.8000000000000002},"67":{"success_ratio":0.022,"success_rate":11.354252684045713,"mean_second_ratio":0.7818181818181817},"68":{"success_ratio":0.004,"success_rate":2.4624476730301503,"mean_second_ratio":0.8},"72":{"success_ratio":0.004,"success_rate":2.3877745940813724,"mean_second_ratio":0.8},"73":{"success_ratio":0.002,"success_rate":1.0638297872314075,"mean_second_ratio":0.8},"74":{"success_ratio":0.002,"success_rate":1.10950848774274,"mean_second_ratio":0.8},"75":{"success_ratio":0.012,"success_rate":6.913238852306653,"mean_second_ratio":0.7999999999999999},"76":{"success_ratio":0,"success_rate":0,"mean_second_ratio":null},"78":{"success_ratio":0,"success_rate":0,"mean_second_ratio":null},"79":{"success_ratio":0.012,"success_rate":6.737031214810199,"mean_second_ratio":0.7666666666666666},"80":{"success_ratio":0.002,"success_rate":1.1511453896735748,"mean_second_ratio":0.8},"88":{"success_ratio":0,"success_rate":0,"mean_second_ratio":null},"96":{"success_ratio":0,"success_rate":0,"mean_second_ratio":null},"128":{"success_ratio":0,"success_rate":0,"mean_second_ratio":null},"256":{"success_ratio":0,"success_rate":0,"mean_second_ratio":null}},"options":{"interval":[1,256],"min_step_width":1,"length":80,"integer":true,"configuration":{"repetitions":500,"page_size":5000,"probe_length":256,"min_iterations":3,"max_cache_hit_number":3}},"worker":true}