{"method_name":"sweepMinIterations","display_data":{"1":{"success_ratio":0,"success_rate":0,"mean_second_ratio":null},"2":{"success_ratio":0.878,"success_rate":135.30173210873548,"mean_second_ratio":0.3378891419893694},"3":{"success_ratio":0.906,"success_rate":97.99255862249618,"mean_second_ratio":0.2548933038999264},"4":{"success_ratio":0.938,"success_rate":85.20765960540199,"mean_second_ratio":0.20767590618337062},"5":{"success_ratio":0.932,"success_rate":67.5137273082915,"mean_second_ratio":0.17804516656448022},"6":{"success_ratio":0.93,"success_rate":57.632958615811305,"mean_second_ratio":0.15576036866359513},"7":{"success_ratio":0.962,"success_rate":51.57015578260951,"mean_second_ratio":0.14030789030789032},"9":{"success_ratio":0.958,"success_rate":39.629353851240936,"mean_second_ratio":0.11944708040741533},"13":{"success_ratio":0.97,"success_rate":29.14085547938242,"mean_second_ratio":0.09803632793323531},"17":{"success_ratio":0.98,"success_rate":22.149295290789794,"mean_second_ratio":0.08677571905955432},"33":{"success_ratio":0.986,"success_rate":10.905631995752747,"mean_second_ratio":0.06003534781052384},"65":{"success_ratio":0.98,"success_rate":5.6621477335231445,"mean_second_ratio":0.0399978830249355},"66":{"success_ratio":0.994,"success_rate":5.559259242688045,"mean_second_ratio":0.03915660809572597},"67":{"success_ratio":0.994,"success_rate":5.561679246655497,"mean_second_ratio":0.0393113090262907},"69":{"success_ratio":0.996,"success_rate":5.591327828083466,"mean_second_ratio":0.0390954145098118},"73":{"success_ratio":0.998,"success_rate":4.954978213983567,"mean_second_ratio":0.037805785696898686},"81":{"success_ratio":0.994,"success_rate":4.369714799177759,"mean_second_ratio":0.03676440761790136},"97":{"success_ratio":1,"success_rate":3.893498791457966,"mean_second_ratio":0.032818791686506414},"129":{"success_ratio":1,"success_rate":2.853112631756745,"mean_second_ratio":0.028274111268012277},"257":{"success_ratio":1,"success_rate":1.4778815808958332,"mean_second_ratio":0.02065148616651412}},"parameters":[500,66,2],"worker":true}