{"method_name":"sweepMaxCacheHitNumber","display_data":{"2":{"success_ratio":1,"success_rate":491.1591356108091,"mean_second_ratio":0.258},"3":{"success_ratio":1,"success_rate":519.7505197507713,"mean_second_ratio":0.278},"4":{"success_ratio":1,"success_rate":353.1073446261494,"mean_second_ratio":0.36700000000000005},"5":{"success_ratio":1,"success_rate":373.97157814390886,"mean_second_ratio":0.39},"6":{"success_ratio":1,"success_rate":535.3319057934616,"mean_second_ratio":0.365},"7":{"success_ratio":0.98,"success_rate":495.95141696875226,"mean_second_ratio":0.4479591836734694},"8":{"success_ratio":1,"success_rate":334.44816053615875,"mean_second_ratio":0.4319999999999999},"9":{"success_ratio":0.98,"success_rate":491.4744232396237,"mean_second_ratio":0.4295918367346938},"10":{"success_ratio":0.96,"success_rate":558.1395348172339,"mean_second_ratio":0.44479166666666653},"11":{"success_ratio":1,"success_rate":499.0019960041576,"mean_second_ratio":0.49199999999999994},"12":{"success_ratio":0.94,"success_rate":323.91454167568355,"mean_second_ratio":0.4989361702127659},"13":{"success_ratio":0.92,"success_rate":307.6923076932661,"mean_second_ratio":0.5206521739130434},"14":{"success_ratio":0.96,"success_rate":335.66433567280677,"mean_second_ratio":0.5020833333333333},"15":{"success_ratio":0.88,"success_rate":465.1162790859084,"mean_second_ratio":0.5249999999999999},"16":{"success_ratio":0.92,"success_rate":480.16701463630164,"mean_second_ratio":0.4956521739130434},"17":{"success_ratio":0.96,"success_rate":427.8074866187649,"mean_second_ratio":0.5375},"18":{"success_ratio":0.76,"success_rate":422.69187983685134,"mean_second_ratio":0.5552631578947368},"19":{"success_ratio":0.78,"success_rate":394.3377148745459,"mean_second_ratio":0.5410256410256412},"20":{"success_ratio":0.72,"success_rate":369.9897224752156,"mean_second_ratio":0.5680555555555559},"21":{"success_ratio":0.86,"success_rate":284.5797485057017,"mean_second_ratio":0.6174418604651165},"22":{"success_ratio":0.78,"success_rate":256.57894736527686,"mean_second_ratio":0.5782051282051283},"23":{"success_ratio":0.6,"success_rate":202.7027027012677,"mean_second_ratio":0.6050000000000001},"24":{"success_ratio":0.8,"success_rate":376.64783429369754,"mean_second_ratio":0.5600000000000002},"25":{"success_ratio":0.58,"success_rate":201.38888888856326,"mean_second_ratio":0.6103448275862069},"26":{"success_ratio":0.7,"success_rate":270.06172839462505,"mean_second_ratio":0.6028571428571431},"27":{"success_ratio":0.48,"success_rate":175.4385964816134,"mean_second_ratio":0.6770833333333334},"28":{"success_ratio":0.66,"success_rate":216.67760997808267,"mean_second_ratio":0.6151515151515152},"29":{"success_ratio":0.58,"success_rate":279.9227799168664,"mean_second_ratio":0.6103448275862069},"30":{"success_ratio":0.64,"success_rate":397.02233250058373,"mean_second_ratio":0.6687500000000002},"31":{"success_ratio":0.46,"success_rate":161.17729502826128,"mean_second_ratio":0.6347826086956521},"32":{"success_ratio":0.6,"success_rate":224.2152466191358,"mean_second_ratio":0.6333333333333334},"33":{"success_ratio":0.46,"success_rate":170.24426350912836,"mean_second_ratio":0.6521739130434782},"34":{"success_ratio":0.4,"success_rate":177.46228926690443,"mean_second_ratio":0.6675},"35":{"success_ratio":0.36,"success_rate":220.5882352806483,"mean_second_ratio":0.6749999999999999},"36":{"success_ratio":0.36,"success_rate":180.7228915637725,"mean_second_ratio":0.6527777777777777},"37":{"success_ratio":0.34,"success_rate":189.09899887438087,"mean_second_ratio":0.6470588235294117},"38":{"success_ratio":0.34,"success_rate":117.56569847886443,"mean_second_ratio":0.6470588235294118},"39":{"success_ratio":0.18,"success_rate":106.88836104829323,"mean_second_ratio":0.6444444444444444},"40":{"success_ratio":0.24,"success_rate":91.88361408597056,"mean_second_ratio":0.7333333333333333},"41":{"success_ratio":0.32,"success_rate":196.07843136057627,"mean_second_ratio":0.75},"42":{"success_ratio":0.28,"success_rate":104.55563853565747,"mean_second_ratio":0.6571428571428569},"43":{"success_ratio":0.14,"success_rate":75.51240561455694,"mean_second_ratio":0.7428571428571429},"44":{"success_ratio":0.06,"success_rate":24.15458937088034,"mean_second_ratio":0.7333333333333334},"45":{"success_ratio":0.3,"success_rate":178.57142856598398,"mean_second_ratio":0.7333333333333333},"46":{"success_ratio":0.26,"success_rate":87.07300736504097,"mean_second_ratio":0.6615384615384614},"47":{"success_ratio":0.14,"success_rate":78.91770010604854,"mean_second_ratio":0.7428571428571429},"48":{"success_ratio":0.1,"success_rate":55.5555555577114,"mean_second_ratio":0.8},"49":{"success_ratio":0.18,"success_rate":73.5294117602161,"mean_second_ratio":0.7555555555555554},"50":{"success_ratio":0.12,"success_rate":99.33774836481923,"mean_second_ratio":0.7666666666666666},"51":{"success_ratio":0.1,"success_rate":66.84491978418203,"mean_second_ratio":0.6799999999999999},"52":{"success_ratio":0.12,"success_rate":44.87658938215343,"mean_second_ratio":0.7666666666666666},"53":{"success_ratio":0.04,"success_rate":26.109660574301426,"mean_second_ratio":0.8},"54":{"success_ratio":0,"success_rate":0,"mean_second_ratio":null},"55":{"success_ratio":0.06,"success_rate":39.31847968512822,"mean_second_ratio":0.8000000000000002},"56":{"success_ratio":0.06,"success_rate":24.59016393381615,"mean_second_ratio":0.7333333333333334},"57":{"success_ratio":0.04,"success_rate":26.246719161524478,"mean_second_ratio":0.7},"58":{"success_ratio":0.04,"success_rate":24.21307506221167,"mean_second_ratio":0.8},"59":{"success_ratio":0.02,"success_rate":12.594458440222374,"mean_second_ratio":0.8},"60":{"success_ratio":0.02,"success_rate":8.006405123470936,"mean_second_ratio":0.8},"61":{"success_ratio":0,"success_rate":0,"mean_second_ratio":null},"62":{"success_ratio":0.02,"success_rate":14.619883040134448,"mean_second_ratio":0.8},"63":{"success_ratio":0.02,"success_rate":11.862396203715413,"mean_second_ratio":0.8},"64":{"success_ratio":0,"success_rate":0,"mean_second_ratio":null},"65":{"success_ratio":0.02,"success_rate":6.561679789754578,"mean_second_ratio":0.8},"66":{"success_ratio":0.04,"success_rate":33.55704697548728,"mean_second_ratio":0.8},"67":{"success_ratio":0.02,"success_rate":12.42236024900411,"mean_second_ratio":0.8},"68":{"success_ratio":0.02,"success_rate":7.788161993683323,"mean_second_ratio":0.8},"69":{"success_ratio":0,"success_rate":0,"mean_second_ratio":null},"70":{"success_ratio":0.02,"success_rate":8.319467554748536,"mean_second_ratio":0.8},"71":{"success_ratio":0,"success_rate":0,"mean_second_ratio":null},"72":{"success_ratio":0,"success_rate":0,"mean_second_ratio":null},"73":{"success_ratio":0,"success_rate":0,"mean_second_ratio":null},"74":{"success_ratio":0,"success_rate":0,"mean_second_ratio":null},"75":{"success_ratio":0,"success_rate":0,"mean_second_ratio":null},"76":{"success_ratio":0,"success_rate":0,"mean_second_ratio":null},"78":{"success_ratio":0,"success_rate":0,"mean_second_ratio":null},"82":{"success_ratio":0,"success_rate":0,"mean_second_ratio":null},"98":{"success_ratio":0,"success_rate":0,"mean_second_ratio":null},"130":{"success_ratio":0,"success_rate":0,"mean_second_ratio":null},"258":{"success_ratio":0,"success_rate":0,"mean_second_ratio":null}},"parameters":[50,3,3,5000,256],"worker":true}