{"method_name":"sweepMaxCacheHitNumber","display_data":{"2":{"success_ratio":0.912,"success_rate":105.99721059968412,"mean_second_ratio":0.256140350877193},"3":{"success_ratio":1,"success_rate":275.72515716347766,"mean_second_ratio":0.2781},"4":{"success_ratio":0.996,"success_rate":281.02251565936547,"mean_second_ratio":0.32148594377510054},"6":{"success_ratio":0.996,"success_rate":289.16502148412184,"mean_second_ratio":0.39638554216867505},"7":{"success_ratio":0.992,"success_rate":276.6467733838457,"mean_second_ratio":0.4081653225806457},"8":{"success_ratio":0.992,"success_rate":253.47506132462067,"mean_second_ratio":0.4355846774193554},"9":{"success_ratio":0.976,"success_rate":262.916868703328,"mean_second_ratio":0.45584016393442695},"10":{"success_ratio":0.976,"success_rate":289.66581587198493,"mean_second_ratio":0.4821721311475417},"12":{"success_ratio":0.974,"success_rate":259.0425531915996,"mean_second_ratio":0.4815195071868589},"13":{"success_ratio":0.962,"success_rate":250.28619003017016,"mean_second_ratio":0.48814968814968895},"14":{"success_ratio":0.946,"success_rate":253.71453092323333,"mean_second_ratio":0.5009513742071888},"15":{"success_ratio":0.92,"success_rate":243.9541790412041,"mean_second_ratio":0.5118478260869568},"16":{"success_ratio":0.89,"success_rate":247.12611762095554,"mean_second_ratio":0.5298876404494377},"17":{"success_ratio":0.916,"success_rate":240.0796770981077,"mean_second_ratio":0.532860262008733},"18":{"success_ratio":0.864,"success_rate":236.19464188084487,"mean_second_ratio":0.546527777777777},"19":{"success_ratio":0.852,"success_rate":227.99036660416763,"mean_second_ratio":0.5514084507042241},"20":{"success_ratio":0.826,"success_rate":231.9052164636188,"mean_second_ratio":0.5628329297820811},"21":{"success_ratio":0.822,"success_rate":208.92639284251726,"mean_second_ratio":0.5613138686131378},"22":{"success_ratio":0.806,"success_rate":233.97584765435937,"mean_second_ratio":0.5808933002481366},"23":{"success_ratio":0.752,"success_rate":218.09744779580342,"mean_second_ratio":0.5868351063829764},"24":{"success_ratio":0.736,"success_rate":216.0892542572541,"mean_second_ratio":0.610190217391302},"25":{"success_ratio":0.694,"success_rate":197.48449149178603,"mean_second_ratio":0.6028818443804013},"26":{"success_ratio":0.686,"success_rate":206.36544130924244,"mean_second_ratio":0.6128279883381899},"27":{"success_ratio":0.676,"success_rate":199.76359338050642,"mean_second_ratio":0.6088757396449682},"28":{"success_ratio":0.626,"success_rate":179.4210375465031,"mean_second_ratio":0.6241214057507967},"29":{"success_ratio":0.578,"success_rate":175.55582553749034,"mean_second_ratio":0.6375432525951539},"30":{"success_ratio":0.546,"success_rate":174.2404901709923,"mean_second_ratio":0.6384615384615361},"31":{"success_ratio":0.572,"success_rate":161.75555681229312,"mean_second_ratio":0.6358391608391586},"32":{"success_ratio":0.552,"success_rate":162.0479098168226,"mean_second_ratio":0.6420289855072442},"33":{"success_ratio":0.51,"success_rate":157.46572804746518,"mean_second_ratio":0.6486928104575144},"34":{"success_ratio":0.45,"success_rate":139.14656771798002,"mean_second_ratio":0.6524444444444424},"35":{"success_ratio":0.398,"success_rate":128.42023748061675,"mean_second_ratio":0.6600502512562793},"36":{"success_ratio":0.384,"success_rate":123.32198599784891,"mean_second_ratio":0.6600074404761882},"37":{"success_ratio":0.414,"success_rate":121.83637433793866,"mean_second_ratio":0.6763285024154568},"38":{"success_ratio":0.378,"success_rate":121.81759587499286,"mean_second_ratio":0.6724867724867701},"39":{"success_ratio":0.318,"success_rate":104.79831268123905,"mean_second_ratio":0.66761006289308},"40":{"success_ratio":0.304,"success_rate":99.80957383938959,"mean_second_ratio":0.6779605263157876},"41":{"success_ratio":0.224,"success_rate":78.02159526289786,"mean_second_ratio":0.6906249999999992},"42":{"success_ratio":0.228,"success_rate":77.5351968985467,"mean_second_ratio":0.6767543859649119},"43":{"success_ratio":0.184,"success_rate":60.7822410148632,"mean_second_ratio":0.7021739130434782},"44":{"success_ratio":0.214,"success_rate":73.7016117922208,"mean_second_ratio":0.7060747663551393},"45":{"success_ratio":0.182,"success_rate":61.79126773951518,"mean_second_ratio":0.7219780219780214},"46":{"success_ratio":0.152,"success_rate":55.056505360764646,"mean_second_ratio":0.7315789473684208},"47":{"success_ratio":0.178,"success_rate":59.448266648834576,"mean_second_ratio":0.7050561797752807},"48":{"success_ratio":0.144,"success_rate":48.66180048659915,"mean_second_ratio":0.698611111111111},"49":{"success_ratio":0.162,"success_rate":53.992800959857455,"mean_second_ratio":0.748765432098765},"50":{"success_ratio":0.108,"success_rate":38.341380289732975,"mean_second_ratio":0.7481481481481482},"51":{"success_ratio":0.13,"success_rate":41.92466460268098,"mean_second_ratio":0.7499999999999997},"52":{"success_ratio":0.076,"success_rate":27.80826930113251,"mean_second_ratio":0.747368421052632},"53":{"success_ratio":0.12,"success_rate":39.03200624510408,"mean_second_ratio":0.7266666666666666},"54":{"success_ratio":0.038,"success_rate":13.809143106339516,"mean_second_ratio":0.8000000000000003},"56":{"success_ratio":0.04,"success_rate":14.090460758060056,"mean_second_ratio":0.74},"58":{"success_ratio":0.044,"success_rate":16.228976099134986,"mean_second_ratio":0.7636363636363638},"59":{"success_ratio":0.076,"success_rate":26.077408729056216,"mean_second_ratio":0.7394736842105268},"60":{"success_ratio":0.076,"success_rate":25.975801490215108,"mean_second_ratio":0.742105263157895},"61":{"success_ratio":0.03,"success_rate":10.529271374418803,"mean_second_ratio":0.7733333333333334},"62":{"success_ratio":0.08,"success_rate":28.178936245157324,"mean_second_ratio":0.7725000000000005},"63":{"success_ratio":0.02,"success_rate":7.1782355896861745,"mean_second_ratio":0.7999999999999999},"64":{"success_ratio":0.03,"success_rate":10.326311441549311,"mean_second_ratio":0.7300000000000001},"65":{"success_ratio":0.032,"success_rate":11.134307585247832,"mean_second_ratio":0.75},"66":{"success_ratio":0.006,"success_rate":2.331002331005151,"mean_second_ratio":0.8000000000000002},"67":{"success_ratio":0.028,"success_rate":9.564148107668004,"mean_second_ratio":0.725},"68":{"success_ratio":0.016,"success_rate":5.610098176720153,"mean_second_ratio":0.7999999999999999},"70":{"success_ratio":0.014,"success_rate":5.00751126690058,"mean_second_ratio":0.7714285714285714},"72":{"success_ratio":0.018,"success_rate":6.349206349200157,"mean_second_ratio":0.7555555555555554},"74":{"success_ratio":0.024,"success_rate":8.69943453675634,"mean_second_ratio":0.75},"82":{"success_ratio":0.026,"success_rate":8.95810363837123,"mean_second_ratio":0.7192307692307692},"84":{"success_ratio":0.03,"success_rate":11.174849139534532,"mean_second_ratio":0.7300000000000001},"85":{"success_ratio":0.026,"success_rate":8.943313153556486,"mean_second_ratio":0.7653846153846153},"86":{"success_ratio":0.014,"success_rate":4.8252567725944875,"mean_second_ratio":0.7428571428571429},"90":{"success_ratio":0.008,"success_rate":2.885794675709417,"mean_second_ratio":0.8},"98":{"success_ratio":0.01,"success_rate":3.4556638330203566,"mean_second_ratio":0.8},"114":{"success_ratio":0.012,"success_rate":4.1744938426227565,"mean_second_ratio":0.7999999999999999},"115":{"success_ratio":0,"success_rate":0,"mean_second_ratio":null},"116":{"success_ratio":0.006,"success_rate":2.084925985128696,"mean_second_ratio":0.8000000000000002},"117":{"success_ratio":0.004,"success_rate":1.4196479273147857,"mean_second_ratio":0.8},"118":{"success_ratio":0,"success_rate":0,"mean_second_ratio":null},"122":{"success_ratio":0.004,"success_rate":1.4188422247437384,"mean_second_ratio":0.8},"130":{"success_ratio":0,"success_rate":0,"mean_second_ratio":null},"258":{"success_ratio":0,"success_rate":0,"mean_second_ratio":null}},"parameters":[500,3,67],"worker":true}