{"method_name":"min_iterations","division_results":{"1":{"success_ratio":0,"success_rate":0,"mean_second_ratio":null,"second_ratio_SNR":null,"probe_index":43,"mean_time":null,"mean_total_iterations":null,"total_iterations_SNR":null,"mean_total_iterations_failing":1.01,"order_index":0},"8":{"success_ratio":1,"success_rate":194.77989871452112,"mean_second_ratio":0.3434709595959594,"second_ratio_SNR":66.75281185483414,"probe_index":43,"mean_time":41.908186119002515,"mean_total_iterations":9.55,"total_iterations_SNR":227.96283309649692,"mean_total_iterations_failing":null,"order_index":7},"16":{"success_ratio":1,"success_rate":103.31112144200767,"mean_second_ratio":0.27220136738906076,"second_ratio_SNR":55.38668039135806,"probe_index":43,"mean_time":45.31937685503207,"mean_total_iterations":17.59,"total_iterations_SNR":395.3814468247635,"mean_total_iterations_failing":null,"order_index":6},"32":{"success_ratio":1,"success_rate":58.435107812807104,"mean_second_ratio":0.22281016021273373,"second_ratio_SNR":70.05583738924088,"probe_index":43,"mean_time":46.55599651249857,"mean_total_iterations":33.725,"total_iterations_SNR":707.9222836393535,"mean_total_iterations_failing":null,"order_index":5},"39":{"success_ratio":0.99,"success_rate":48.94327030033159,"mean_second_ratio":0.21515296823092345,"second_ratio_SNR":72.58929224493934,"probe_index":43,"mean_time":47.02616234115561,"mean_total_iterations":40.94949494949495,"total_iterations_SNR":698.2040412849734,"mean_total_iterations_failing":40,"order_index":12},"47":{"success_ratio":0.995,"success_rate":41.4039905957062,"mean_second_ratio":0.22256108836320507,"second_ratio_SNR":73.8607511422668,"probe_index":43,"mean_time":46.336268183717074,"mean_total_iterations":49.08040201005025,"total_iterations_SNR":791.5842163211023,"mean_total_iterations_failing":48,"order_index":10},"63":{"success_ratio":0.995,"success_rate":31.46792327517893,"mean_second_ratio":0.2012444858047978,"second_ratio_SNR":75.96961385904837,"probe_index":43,"mean_time":47.573358108417125,"mean_total_iterations":65.09045226130654,"total_iterations_SNR":975.9875555738154,"mean_total_iterations_failing":64,"order_index":4},"125":{"success_ratio":0.995,"success_rate":16.50315550285282,"mean_second_ratio":0.16799462960174424,"second_ratio_SNR":99.85489977757975,"probe_index":43,"mean_time":47.037113165449014,"mean_total_iterations":127.17587939698493,"total_iterations_SNR":1872.4818723023768,"mean_total_iterations_failing":128,"order_index":3},"132":{"success_ratio":1,"success_rate":15.88410953681612,"mean_second_ratio":0.16898941469865536,"second_ratio_SNR":95.56424127598065,"probe_index":43,"mean_time":46.581785183063296,"mean_total_iterations":134.135,"total_iterations_SNR":1794.116010610824,"mean_total_iterations_failing":null,"order_index":13},"140":{"success_ratio":1,"success_rate":14.935069784110269,"mean_second_ratio":0.16394457144011387,"second_ratio_SNR":119.64632418569815,"probe_index":43,"mean_time":46.781818379284324,"mean_total_iterations":142.26,"total_iterations_SNR":1960.6662880537506,"mean_total_iterations_failing":null,"order_index":11},"156":{"success_ratio":1,"success_rate":13.34676908087846,"mean_second_ratio":0.15969876998971239,"second_ratio_SNR":83.80966262686508,"probe_index":43,"mean_time":46.65482709472914,"mean_total_iterations":158.31,"total_iterations_SNR":2201.4947594244236,"mean_total_iterations_failing":null,"order_index":9},"187":{"success_ratio":1,"success_rate":11.038258604324682,"mean_second_ratio":0.15174953403711366,"second_ratio_SNR":97.77649987073987,"probe_index":43,"mean_time":46.49754691396515,"mean_total_iterations":189.225,"total_iterations_SNR":2932.609155175077,"mean_total_iterations_failing":null,"order_index":8},"218":{"success_ratio":1,"success_rate":9.336937391164046,"mean_second_ratio":0.1630983071551751,"second_ratio_SNR":79.13263852356829,"probe_index":43,"mean_time":46.01453425019278,"mean_total_iterations":220.12,"total_iterations_SNR":3388.4288209616575,"mean_total_iterations_failing":null,"order_index":23},"250":{"success_ratio":1,"success_rate":8.401243384019375,"mean_second_ratio":0.18453776007386108,"second_ratio_SNR":33.86552087650944,"probe_index":43,"mean_time":47.123054658069826,"mean_total_iterations":252.855,"total_iterations_SNR":2429.9635883507626,"mean_total_iterations_failing":null,"order_index":2},"281":{"success_ratio":1,"success_rate":7.414987172070538,"mean_second_ratio":0.1533962644372319,"second_ratio_SNR":102.20548370332632,"probe_index":43,"mean_time":46.19926317184068,"mean_total_iterations":283.37,"total_iterations_SNR":4084.3477710628035,"mean_total_iterations_failing":null,"order_index":17},"296":{"success_ratio":1,"success_rate":7.052260778498847,"mean_second_ratio":0.14822514384318697,"second_ratio_SNR":108.20559519359307,"probe_index":43,"mean_time":46.08253790710442,"mean_total_iterations":298.51,"total_iterations_SNR":3834.638571209027,"mean_total_iterations_failing":null,"order_index":19},"304":{"success_ratio":0.995,"success_rate":6.677897167094928,"mean_second_ratio":0.1452949579681421,"second_ratio_SNR":107.7033852617198,"probe_index":43,"mean_time":45.95144775926567,"mean_total_iterations":306.9497487437186,"total_iterations_SNR":3596.924543181666,"mean_total_iterations_failing":306,"order_index":21},"312":{"success_ratio":0.995,"success_rate":6.771909167939172,"mean_second_ratio":0.14945286548259382,"second_ratio_SNR":128.39123207378822,"probe_index":43,"mean_time":46.72211446533354,"mean_total_iterations":314.59798994974875,"total_iterations_SNR":3764.2055286799286,"mean_total_iterations_failing":313,"order_index":15},"343":{"success_ratio":1,"success_rate":6.007936484094756,"mean_second_ratio":0.1507905637220973,"second_ratio_SNR":58.038376403682655,"probe_index":43,"mean_time":45.84925970135785,"mean_total_iterations":345.12,"total_iterations_SNR":4704.474300516053,"mean_total_iterations_failing":null,"order_index":24},"375":{"success_ratio":0.995,"success_rate":5.598600068645981,"mean_second_ratio":0.14701649348159176,"second_ratio_SNR":115.60527227080446,"probe_index":43,"mean_time":46.79278107579442,"mean_total_iterations":377.54773869346735,"total_iterations_SNR":4792.577546418445,"mean_total_iterations_failing":376,"order_index":14},"390":{"success_ratio":0.995,"success_rate":5.307926414534789,"mean_second_ratio":0.14130205971588503,"second_ratio_SNR":104.09878450918032,"probe_index":43,"mean_time":45.94247253228261,"mean_total_iterations":392.6934673366834,"total_iterations_SNR":3672.2629179215896,"mean_total_iterations_failing":392,"order_index":20},"398":{"success_ratio":1,"success_rate":5.190976007308507,"mean_second_ratio":0.14372881364869822,"second_ratio_SNR":66.9222444574497,"probe_index":43,"mean_time":45.79333944724536,"mean_total_iterations":400.23,"total_iterations_SNR":3448.482828344806,"mean_total_iterations_failing":null,"order_index":22},"406":{"success_ratio":1,"success_rate":5.190410198118141,"mean_second_ratio":0.15012980938745524,"second_ratio_SNR":61.114164135838514,"probe_index":43,"mean_time":46.042278708915966,"mean_total_iterations":408.845,"total_iterations_SNR":3697.444102278796,"mean_total_iterations_failing":null,"order_index":18},"437":{"success_ratio":1,"success_rate":4.8495546896409705,"mean_second_ratio":0.1393334659373102,"second_ratio_SNR":139.8710032728408,"probe_index":43,"mean_time":46.5745412464976,"mean_total_iterations":440.045,"total_iterations_SNR":4321.587780663387,"mean_total_iterations_failing":null,"order_index":16},"500":{"success_ratio":1,"success_rate":4.267367652926629,"mean_second_ratio":0.13835213644206987,"second_ratio_SNR":68.94618051545255,"probe_index":43,"mean_time":46.79773422107021,"mean_total_iterations":502.33,"total_iterations_SNR":5731.23625084048,"mean_total_iterations_failing":null,"order_index":1}},"sequential_results":{"1":{"success_ratio":0,"success_rate":0,"mean_second_ratio":null,"second_ratio_SNR":null,"probe_index":43,"mean_time":null,"mean_total_iterations":null,