{"method_name":"max_cache_hit_number","test_results":{"1":{"success_ratio":0,"success_rate":0,"mean_second_ratio":null},"2":{"success_ratio":0.004,"success_rate":0.9721479609194649,"mean_second_ratio":0.425},"3":{"success_ratio":0.046,"success_rate":14.918596354675694,"mean_second_ratio":0.4282608695652175},"4":{"success_ratio":0.126,"success_rate":22.198731501059132,"mean_second_ratio":0.46984126984127},"5":{"success_ratio":0.316,"success_rate":60.03723828704086,"mean_second_ratio":0.5034810126582279},"6":{"success_ratio":0.124,"success_rate":24.925625150760034,"mean_second_ratio":0.5137096774193549},"7":{"success_ratio":0.26,"success_rate":50.35441763178057,"mean_second_ratio":0.5642307692307691},"8":{"success_ratio":0.004,"success_rate":1.1810558639422875,"mean_second_ratio":0.675},"9":{"success_ratio":0.046,"success_rate":14.638492871687472,"mean_second_ratio":0.6700828157349897},"10":{"success_ratio":0.166,"success_rate":41.86633039091902,"mean_second_ratio":0.5721457257601837},"11":{"success_ratio":0.186,"success_rate":36.48060251835602,"mean_second_ratio":0.5844086021505378},"12":{"success_ratio":0.018,"success_rate":4.376793269464163,"mean_second_ratio":0.5555555555555556},"13":{"success_ratio":0.072,"success_rate":15.961691939345508,"mean_second_ratio":0.5847222222222224},"14":{"success_ratio":0.1,"success_rate":24.993751562108198,"mean_second_ratio":0.6070000000000004},"15":{"success_ratio":0.098,"success_rate":25.614218504959787,"mean_second_ratio":0.598979591836735},"16":{"success_ratio":0.076,"success_rate":16.504517025721835,"mean_second_ratio":0.5776315789473687},"17":{"success_ratio":0.022,"success_rate":6.38236147374507,"mean_second_ratio":0.6181818181818182},"18":{"success_ratio":0.14,"success_rate":35.07014028057544,"mean_second_ratio":0.6385714285714288},"19":{"success_ratio":0.012,"success_rate":3.0886440852460817,"mean_second_ratio":0.7000000000000001},"20":{"success_ratio":0.062,"success_rate":15.524062296573062,"mean_second_ratio":0.7145161290322583},"21":{"success_ratio":0.002,"success_rate":0.5057657293143463,"mean_second_ratio":0.8},"22":{"success_ratio":0.012,"success_rate":3.0945381401838645,"mean_second_ratio":0.7083333333333334},"23":{"success_ratio":0,"success_rate":0,"mean_second_ratio":null},"24":{"success_ratio":0.016,"success_rate":4.102353725449934,"mean_second_ratio":0.7749999999999999},"25":{"success_ratio":0,"success_rate":0,"mean_second_ratio":null},"26":{"success_ratio":0.006,"success_rate":1.1135444118634568,"mean_second_ratio":0.8000000000000002},"27":{"success_ratio":0.004,"success_rate":0.6972042111134868,"mean_second_ratio":0.7},"28":{"success_ratio":0.006,"success_rate":1.4260588486953851,"mean_second_ratio":0.7833333333333333},"29":{"success_ratio":0,"success_rate":0,"mean_second_ratio":null},"30":{"success_ratio":0,"success_rate":0,"mean_second_ratio":null},"31":{"success_ratio":0,"success_rate":0,"mean_second_ratio":null},"32":{"success_ratio":0.004,"success_rate":0.9626028781826881,"mean_second_ratio":0.8},"33":{"success_ratio":0.002,"success_rate":0.381417346861083,"mean_second_ratio":0.8},"34":{"success_ratio":0,"success_rate":0,"mean_second_ratio":null},"35":{"success_ratio":0,"success_rate":0,"mean_second_ratio":null},"36":{"success_ratio":0,"success_rate":0,"mean_second_ratio":null},"37":{"success_ratio":0,"success_rate":0,"mean_second_ratio":null},"38":{"success_ratio":0,"success_rate":0,"mean_second_ratio":null},"39":{"success_ratio":0,"success_rate":0,"mean_second_ratio":null},"40":{"success_ratio":0,"success_rate":0,"mean_second_ratio":null},"41":{"success_ratio":0.002,"success_rate":0.3284719484957216,"mean_second_ratio":0.8},"42":{"success_ratio":0,"success_rate":0,"mean_second_ratio":null},"43":{"success_ratio":0,"success_rate":0,"mean_second_ratio":null},"44":{"success_ratio":0,"success_rate":0,"mean_second_ratio":null},"45":{"success_ratio":0,"success_rate":0,"mean_second_ratio":null},"46":{"success_ratio":0,"success_rate":0,"mean_second_ratio":null},"47":{"success_ratio":0,"success_rate":0,"mean_second_ratio":null},"48":{"success_ratio":0,"success_rate":0,"mean_second_ratio":null},"49":{"success_ratio":0,"success_rate":0,"mean_second_ratio":null},"50":{"success_ratio":0,"success_rate":0,"mean_second_ratio":null},"51":{"success_ratio":0,"success_rate":0,"mean_second_ratio":null},"52":{"success_ratio":0,"success_rate":0,"mean_second_ratio":null},"53":{"success_ratio":0,"success_rate":0,"mean_second_ratio":null},"54":{"success_ratio":0,"success_rate":0,"mean_second_ratio":null},"55":{"success_ratio":0,"success_rate":0,"mean_second_ratio":null},"56":{"success_ratio":0,"success_rate":0,"mean_second_ratio":null},"57":{"success_ratio":0,"success_rate":0,"mean_second_ratio":null},"58":{"success_ratio":0,"success_rate":0,"mean_second_ratio":null},"59":{"success_ratio":0,"success_rate":0,"mean_second_ratio":null},"60":{"success_ratio":0,"success_rate":0,"mean_second_ratio":null},"61":{"success_ratio":0,"success_rate":0,"mean_second_ratio":null},"62":{"success_ratio":0,"success_rate":0,"mean_second_ratio":null},"63":{"success_ratio":0,"success_rate":0,"mean_second_ratio":null},"64":{"success_ratio":0,"success_rate":0,"mean_second_ratio":null},"65":{"success_ratio":0,"success_rate":0,"mean_second_ratio":null},"66":{"success_ratio":0,"success_rate":0,"mean_second_ratio":null},"67":{"success_ratio":0,"success_rate":0,"mean_second_ratio":null},"68":{"success_ratio":0,"success_rate":0,"mean_second_ratio":null},"69":{"success_ratio":0,"success_rate":0,"mean_second_ratio":null},"70":{"success_ratio":0,"success_rate":0,"mean_second_ratio":null},"71":{"success_ratio":0,"success_rate":0,"mean_second_ratio":null},"72":{"success_ratio":0,"success_rate":0,"mean_second_ratio":null},"73":{"success_ratio":0,"success_rate":0,"mean_second_ratio":null},"74":{"success_ratio":0,"success_rate":0,"mean_second_ratio":null},"75":{"success_ratio":0,"success_rate":0,"mean_second_ratio":null},"76":{"success_ratio":0,"success_rate":0,"mean_second_ratio":null},"80":{"success_ratio":0,"success_rate":0,"mean_second_ratio":null},"96":{"success_ratio":0,"success_rate":0,"mean_second_ratio":null},"128":{"success_ratio":0,"success_rate":0,"mean_second_ratio":null},"256":{"success_ratio":0,"success_rate":0,"mean_second_ratio":null}},"options":{"interval":[1,256],"min_step_width":1,"sample_size":80,"integer":true,"configuration":{"probe_length":256,"page_size":5000,"repetitions":500,"min_iterations":3,"max_cache_hit_number":3}},"worker":true}