{"method_name":"sweepMinIterations","display_data":{"1":{"success_ratio":0,"success_rate":0,"mean_second_ratio":null},"2":{"success_ratio":0.944,"success_rate":446.46235338506943,"mean_second_ratio":0.3573446327683625},"3":{"success_ratio":0.986,"success_rate":379.9907507313233,"mean_second_ratio":0.28904665314401634},"4":{"success_ratio":0.996,"success_rate":324.15543839099087,"mean_second_ratio":0.24933065595716394},"5":{"success_ratio":1,"success_rate":289.62001853575543,"mean_second_ratio":0.2207619047619052},"6":{"success_ratio":1,"success_rate":235.87130861397614,"mean_second_ratio":0.2030833333333337},"7":{"success_ratio":1,"success_rate":222.98532756563839,"mean_second_ratio":0.1992833333333334},"8":{"success_ratio":1,"success_rate":201.17486118952766,"mean_second_ratio":0.1799111111111126},"9":{"success_ratio":1,"success_rate":180.76644974671393,"mean_second_ratio":0.18066993006993065},"10":{"success_ratio":1,"success_rate":165.88149426062137,"mean_second_ratio":0.15838578088578162},"11":{"success_ratio":1,"success_rate":158.16778438556216,"mean_second_ratio":0.15253030303030304},"12":{"success_ratio":1,"success_rate":148.17009927405087,"mean_second_ratio":0.1492857142857149},"13":{"success_ratio":1,"success_rate":136.0063106928467,"mean_second_ratio":0.13793031135531203},"14":{"success_ratio":1,"success_rate":130.28297462083742,"mean_second_ratio":0.1359666666666668},"15":{"success_ratio":1,"success_rate":119.63439728188082,"mean_second_ratio":0.12729803921568628},"17":{"success_ratio":1,"success_rate":110.85245538196826,"mean_second_ratio":0.1224929824561412},"33":{"success_ratio":1,"success_rate":60.40836051708197,"mean_second_ratio":0.08903193277310938},"65":{"success_ratio":1,"success_rate":31.395399945995965,"mean_second_ratio":0.06439665309814611},"129":{"success_ratio":1,"success_rate":16.268839315928073,"mean_second_ratio":0.050375113436182326},"257":{"success_ratio":1,"success_rate":8.214348495378292,"mean_second_ratio":0.04620639105436842}},"parameters":[500,3,3,5000],"worker":true}