{"method_name":"max_cache_hit_number","test_results":{"1":{"success_ratio":0,"success_rate":0,"mean_second_ratio":null},"2":{"success_ratio":0.99,"success_rate":445.1438848946028,"mean_second_ratio":0.2593939393939394},"3":{"success_ratio":1,"success_rate":448.2696790350172,"mean_second_ratio":0.2874000000000001},"4":{"success_ratio":0.998,"success_rate":442.3758865260097,"mean_second_ratio":0.33446893787575166},"5":{"success_ratio":0.996,"success_rate":439.7350993463368,"mean_second_ratio":0.35441767068273117},"6":{"success_ratio":0.992,"success_rate":436.73505327712707,"mean_second_ratio":0.4016129032258069},"7":{"success_ratio":0.98,"success_rate":421.8682737778959,"mean_second_ratio":0.42846938775510257},"8":{"success_ratio":0.986,"success_rate":426.544384849556,"mean_second_ratio":0.4514198782961466},"9":{"success_ratio":0.974,"success_rate":397.42125019596546,"mean_second_ratio":0.46129363449692073},"10":{"success_ratio":0.97,"success_rate":400.6277878766787,"mean_second_ratio":0.4678350515463926},"11":{"success_ratio":0.97,"success_rate":396.24183006000794,"mean_second_ratio":0.48536082474226855},"12":{"success_ratio":0.962,"success_rate":381.7460317432101,"mean_second_ratio":0.4952182952182957},"13":{"success_ratio":0.952,"success_rate":388.001304204798,"mean_second_ratio":0.5023109243697481},"14":{"success_ratio":0.942,"success_rate":389.7070991188681,"mean_second_ratio":0.511995753715499},"15":{"success_ratio":0.92,"success_rate":368.1177976922857,"mean_second_ratio":0.5238043478260866},"16":{"success_ratio":0.872,"success_rate":355.10669490338915,"mean_second_ratio":0.5431192660550452},"17":{"success_ratio":0.876,"success_rate":348.4486873474146,"mean_second_ratio":0.545776255707762},"18":{"success_ratio":0.806,"success_rate":345.21158129006574,"mean_second_ratio":0.5609181141439193},"19":{"success_ratio":0.824,"success_rate":349.65628447776163,"mean_second_ratio":0.5633495145631059},"20":{"success_ratio":0.828,"success_rate":331.571359925315,"mean_second_ratio":0.5682367149758445},"21":{"success_ratio":0.746,"success_rate":327.13559024894164,"mean_second_ratio":0.6017426273458426},"22":{"success_ratio":0.74,"success_rate":320.3463203466432,"mean_second_ratio":0.592837837837836},"23":{"success_ratio":0.696,"success_rate":303.69142158917737,"mean_second_ratio":0.6150862068965502},"24":{"success_ratio":0.688,"success_rate":296.5772911386683,"mean_second_ratio":0.6065406976744164},"25":{"success_ratio":0.682,"success_rate":290.28688175625035,"mean_second_ratio":0.6035190615835757},"26":{"success_ratio":0.658,"success_rate":286.56040414816533,"mean_second_ratio":0.6252279635258335},"27":{"success_ratio":0.616,"success_rate":262.6641651052548,"mean_second_ratio":0.6232142857142836},"28":{"success_ratio":0.54,"success_rate":251.3498417420494,"mean_second_ratio":0.6429629629629612},"29":{"success_ratio":0.55,"success_rate":258.16748028957954,"mean_second_ratio":0.6318181818181798},"30":{"success_ratio":0.502,"success_rate":232.04215586992237,"mean_second_ratio":0.6428286852589623},"31":{"success_ratio":0.482,"success_rate":220.2119883037375,"mean_second_ratio":0.6456431535269694},"32":{"success_ratio":0.452,"success_rate":207.79698418556688,"mean_second_ratio":0.6526548672566355},"33":{"success_ratio":0.478,"success_rate":218.82439113441146,"mean_second_ratio":0.6445606694560654},"34":{"success_ratio":0.342,"success_rate":174.383030800891,"mean_second_ratio":0.6763157894736824},"35":{"success_ratio":0.376,"success_rate":172.8894611015519,"mean_second_ratio":0.6694148936170194},"36":{"success_ratio":0.35,"success_rate":179.70835900465843,"mean_second_ratio":0.6731428571428553},"37":{"success_ratio":0.314,"success_rate":164.19159171462329,"mean_second_ratio":0.676114649681527},"38":{"success_ratio":0.296,"success_rate":153.9261570454991,"mean_second_ratio":0.6783783783783768},"39":{"success_ratio":0.294,"success_rate":143.59675685959246,"mean_second_ratio":0.6829931972789097},"40":{"success_ratio":0.252,"success_rate":133.72956909497222,"mean_second_ratio":0.6904761904761891},"41":{"success_ratio":0.22,"success_rate":114.5117634787318,"mean_second_ratio":0.7009090909090898},"42":{"success_ratio":0.204,"success_rate":106.52741514476881,"mean_second_ratio":0.7210784313725485},"43":{"success_ratio":0.176,"success_rate":96.0908495286769,"mean_second_ratio":0.7039772727272726},"44":{"success_ratio":0.17,"success_rate":92.12094938811293,"mean_second_ratio":0.7188235294117644},"45":{"success_ratio":0.158,"success_rate":86.00043544481987,"mean_second_ratio":0.7392405063291134},"46":{"success_ratio":0.122,"success_rate":69.09049722529795,"mean_second_ratio":0.7270491803278688},"47":{"success_ratio":0.12,"success_rate":65.91957811375914,"mean_second_ratio":0.7200000000000002},"48":{"success_ratio":0.1,"success_rate":55.64210994968293,"mean_second_ratio":0.7200000000000004},"49":{"success_ratio":0.098,"success_rate":57.30323938618575,"mean_second_ratio":0.7377551020408166},"50":{"success_ratio":0.082,"success_rate":45.09458864962998,"mean_second_ratio":0.7500000000000006},"51":{"success_ratio":0.062,"success_rate":37.31343283599657,"mean_second_ratio":0.7677419354838715},"52":{"success_ratio":0.066,"success_rate":37.402244134754675,"mean_second_ratio":0.757575757575758},"53":{"success_ratio":0.1,"success_rate":49.554013874140495,"mean_second_ratio":0.7480000000000001},"54":{"success_ratio":0.066,"success_rate":36.830357142531746,"mean_second_ratio":0.7560606060606064},"55":{"success_ratio":0.05,"success_rate":27.523945832569808,"mean_second_ratio":0.7740000000000004},"56":{"success_ratio":0.05,"success_rate":29.328953542820628,"mean_second_ratio":0.7680000000000003},"57":{"success_ratio":0.03,"success_rate":16.9683257920295,"mean_second_ratio":0.7733333333333334},"58":{"success_ratio":0.012,"success_rate":6.637168141522833,"mean_second_ratio":0.7999999999999999},"59":{"success_ratio":0.02,"success_rate":11.954572623958816,"mean_second_ratio":0.7399999999999999},"60":{"success_ratio":0.014,"success_rate":8.25569052960796,"mean_second_ratio":0.7714285714285715},"61":{"success_ratio":0.06,"success_rate":31.344687075552894,"mean_second_ratio":0.7433333333333337},"62":{"success_ratio":0.018,"success_rate":10.33057851246627,"mean_second_ratio":0.7555555555555554},"63":{"success_ratio":0.012,"success_rate":7.405578869349411,"mean_second_ratio":0.7666666666666666},"64":{"success_ratio":0.006,"success_rate":3.3351862145653732,"mean_second_ratio":0.8000000000000002},"65":{"success_ratio":0.092,"success_rate":47.01553556862605,"mean_second_ratio":0.7206521739130437},"66":{"success_ratio":0.034,"success_rate":18.920422926884996,"mean_second_ratio":0.7647058823529413},"67":{"success_ratio":0.002,"success_rate":1.146000458435226,"mean_second_ratio":0.8},"68":{"success_ratio":0.058,"success_rate":30.17062005764077,"mean_second_ratio":0.7620689655172417},"69":{"success_ratio":0.002,"success_rate":1.0475591870970347,"mean_second_ratio":0.8},"70":{"success_ratio":0.056,"success_rate":28.05330127250005,"mean_second_ratio":0.7482142857142859},"71":{"success_ratio":0.006,"success_rate":3.215434083535488,"mean_second_ratio":0.8000000000000002},"72":{"success_ratio":0.014,"success_rate":7.271971743203603,"mean_second_ratio":0.7999999999999999},"73":{"success_ratio":0.058,"success_rate":30.795370074582383,"mean_second_ratio":0.7551724137931037},"74":{"success_ratio":0.006,"success_rate":3.227194492243902,"mean_second_ratio":0.8000000000000002},"75":{"success_ratio":0,"success_rate":0,"mean_second_ratio":null},"76":{"success_ratio":0,"success_rate":0,"mean_second_ratio":null},"80":{"success_ratio":0,"success_rate":0,"mean_second_ratio":null},"96":{"success_ratio":0,"success_rate":0,"mean_second_ratio":null},"128":{"success_ratio":0,"success_rate":0,"mean_second_ratio":null},"256":{"success_ratio":0,"success_rate":0,"mean_second_ratio":null}},"options":{"interval":[1,256],"min_step_width":1,"length":80,"integer":true,"configuration":{"repetitions":500,"page_size":5000,