{"method_name":"sweepMinIterations","display_data":{"1":{"success_ratio":0,"success_rate":0,"mean_second_ratio":null},"2":{"success_ratio":0.84,"success_rate":461.5384615366902,"mean_second_ratio":0.3730158730158732},"3":{"success_ratio":0.98,"success_rate":453.28399630958313,"mean_second_ratio":0.29081632653061223},"4":{"success_ratio":1,"success_rate":417.01417851478385,"mean_second_ratio":0.2639999999999999},"5":{"success_ratio":1,"success_rate":344.1156228748079,"mean_second_ratio":0.24666666666666662},"6":{"success_ratio":1,"success_rate":140.64697608798755,"mean_second_ratio":0.23535714285714288},"7":{"success_ratio":1,"success_rate":277.0083102459129,"mean_second_ratio":0.21944444444444444},"8":{"success_ratio":1,"success_rate":230.94688220690702,"mean_second_ratio":0.18733333333333324},"9":{"success_ratio":1,"success_rate":141.8842224730922,"mean_second_ratio":0.22945454545454522},"10":{"success_ratio":1,"success_rate":210.6149957893319,"mean_second_ratio":0.16515151515151505},"11":{"success_ratio":1,"success_rate":190.98548509766292,"mean_second_ratio":0.15769230769230777},"12":{"success_ratio":1,"success_rate":111.6071428561568,"mean_second_ratio":0.16615384615384626},"13":{"success_ratio":1,"success_rate":122.24938875316062,"mean_second_ratio":0.14857142857142872},"14":{"success_ratio":1,"success_rate":187.68768769251037,"mean_second_ratio":0.17983333333333335},"15":{"success_ratio":1,"success_rate":146.3700234193135,"mean_second_ratio":0.13794117647058823},"17":{"success_ratio":1,"success_rate":138.15971262645553,"mean_second_ratio":0.1687719298245614},"33":{"success_ratio":1,"success_rate":49.88526389340291,"mean_second_ratio":0.17776733035556547},"65":{"success_ratio":1,"success_rate":33.98817211621441,"mean_second_ratio":0.06783355947535048},"129":{"success_ratio":1,"success_rate":17.69034814601785,"mean_second_ratio":0.1021538461538462},"257":{"success_ratio":1,"success_rate":8.677241331439836,"mean_second_ratio":0.07348118883002605}},"parameters":[50,3,3,5000,256],"worker":true}