{"method_name":"min_iterations","division_results":{"1":{"success_ratio":0,"success_rate":0,"mean_second_ratio":null,"second_ratio_SNR":null,"probe_index":86,"mean_time":null,"order_index":0},"16":{"success_ratio":0,"success_rate":0,"mean_second_ratio":null,"second_ratio_SNR":null,"probe_index":86,"mean_time":null,"order_index":9},"24":{"success_ratio":0.05,"success_rate":0.205427391688392,"mean_second_ratio":0.8776741184063839,"second_ratio_SNR":28.020248142243368,"probe_index":86,"mean_time":8.186053631582713,"order_index":10},"26":{"success_ratio":0.01,"success_rate":0.04725786252688207,"mean_second_ratio":0.8076923076923077,"second_ratio_SNR":null,"probe_index":86,"mean_time":8.650043808411215,"order_index":23},"27":{"success_ratio":0.08,"success_rate":0.2496458149999441,"mean_second_ratio":0.8219160590871115,"second_ratio_SNR":22.711849600114693,"probe_index":86,"mean_time":9.727516189414857,"order_index":24},"28":{"success_ratio":0.16,"success_rate":0.4785132593033358,"mean_second_ratio":0.8635293632884021,"second_ratio_SNR":58.694536802184224,"probe_index":86,"mean_time":9.473201746020134,"order_index":11},"32":{"success_ratio":0.24,"success_rate":0.5469212889113797,"mean_second_ratio":0.8053654034509563,"second_ratio_SNR":41.54988719314966,"probe_index":86,"mean_time":9.084598691527566,"order_index":5},"33":{"success_ratio":0.12,"success_rate":0.3096510490720929,"mean_second_ratio":0.881959069102399,"second_ratio_SNR":53.861041974046884,"probe_index":86,"mean_time":9.646780061518347,"order_index":16},"34":{"success_ratio":0.23,"success_rate":0.5367060251086071,"mean_second_ratio":0.8587118680079697,"second_ratio_SNR":57.10476158354857,"probe_index":86,"mean_time":9.347614943733403,"order_index":17},"35":{"success_ratio":0.39,"success_rate":0.6646058205836796,"mean_second_ratio":0.8502199151728663,"second_ratio_SNR":68.94363284636636,"probe_index":86,"mean_time":9.387271193448719,"order_index":8},"36":{"success_ratio":0.17,"success_rate":0.31353801832908307,"mean_second_ratio":0.8579613855874583,"second_ratio_SNR":55.18326610639945,"probe_index":86,"mean_time":9.458469517307153,"order_index":22},"37":{"success_ratio":0.11,"success_rate":0.2300913462644419,"mean_second_ratio":0.8901213695224051,"second_ratio_SNR":64.71059755444966,"probe_index":86,"mean_time":9.872262512585122,"order_index":20},"38":{"success_ratio":0.33,"success_rate":0.4688951976605977,"mean_second_ratio":0.8628581306530985,"second_ratio_SNR":61.49514635958282,"probe_index":86,"mean_time":9.36451329765896,"order_index":21},"39":{"success_ratio":0.52,"success_rate":0.6641420753162934,"mean_second_ratio":0.868210357328362,"second_ratio_SNR":86.5857465329729,"probe_index":86,"mean_time":9.52195702214784,"order_index":7},"43":{"success_ratio":0.52,"success_rate":0.6073872303843615,"mean_second_ratio":0.8714679570551677,"second_ratio_SNR":95.10999151994476,"probe_index":86,"mean_time":9.125209967657195,"order_index":14},"44":{"success_ratio":0.2,"success_rate":0.38716621432749804,"mean_second_ratio":0.8655024564811296,"second_ratio_SNR":62.18863532426674,"probe_index":86,"mean_time":9.692465446576058,"order_index":19},"45":{"success_ratio":0.66,"success_rate":0.730672063307206,"mean_second_ratio":0.8598007864513892,"second_ratio_SNR":96.01250921211492,"probe_index":86,"mean_time":8.908335242465121,"order_index":15},"47":{"success_ratio":0.67,"success_rate":0.774845059900346,"mean_second_ratio":0.8625711211788321,"second_ratio_SNR":101.29502076621877,"probe_index":86,"mean_time":8.976292460690484,"order_index":6},"51":{"success_ratio":0.68,"success_rate":0.6573319091142058,"mean_second_ratio":0.8523254003071196,"second_ratio_SNR":105.96357673907029,"probe_index":86,"mean_time":9.013716530767995,"order_index":13},"53":{"success_ratio":0.76,"success_rate":0.735613671186446,"mean_second_ratio":0.8693821156045686,"second_ratio_SNR":118.99038881441514,"probe_index":86,"mean_time":9.764886667800484,"order_index":18},"55":{"success_ratio":0.83,"success_rate":0.7208872297867513,"mean_second_ratio":0.8582270227103569,"second_ratio_SNR":108.52506782483813,"probe_index":86,"mean_time":9.331083610113843,"order_index":12},"63":{"success_ratio":0.85,"success_rate":0.7450199796828005,"mean_second_ratio":0.8455788048594993,"second_ratio_SNR":96.36081819155542,"probe_index":86,"mean_time":9.178644365947296,"order_index":4},"125":{"success_ratio":0.91,"success_rate":0.40969325230713494,"mean_second_ratio":0.8428872727922243,"second_ratio_SNR":110.86858626818216,"probe_index":86,"mean_time":9.35277253230315,"order_index":3},"250":{"success_ratio":0.99,"success_rate":0.2717547948251306,"mean_second_ratio":0.8325764066690309,"second_ratio_SNR":109.13134447257659,"probe_index":86,"mean_time":9.168288087600589,"order_index":2},"500":{"success_ratio":0.98,"success_rate":0.16122029947822292,"mean_second_ratio":0.8548038455491563,"second_ratio_SNR":103.46200396590817,"probe_index":86,"mean_time":9.242645219701771,"order_index":1}},"sequential_results":{"1":{"success_ratio":0,"success_rate":0,"mean_second_ratio":null,"second_ratio_SNR":null,"probe_index":86,"mean_time":null},"16":{"success_ratio":0.03,"success_rate":0.3348812287918338,"mean_second_ratio":0.8933333333333334,"second_ratio_SNR":109.41054184441244,"probe_index":86,"mean_time":9.850265089214513},"24":{"success_ratio":0.06,"success_rate":0.29188416090619224,"mean_second_ratio":0.8542853573213393,"second_ratio_SNR":27.372336705929172,"probe_index":86,"mean_time":10.21460740471794},"26":{"success_ratio":0.07,"success_rate":0.23555144275259424,"mean_second_ratio":0.8732104116381941,"second_ratio_SNR":27.34207011544097,"probe_index":86,"mean_time":11.429098464556404},"27":{"success_ratio":0,"success_rate":0,"mean_second_ratio":null,"second_ratio_SNR":null,"probe_index":86,"mean_time":null},"28":{"success_ratio":0.06,"success_rate":0.20510436393727546,"mean_second_ratio":0.8541143822393823,"second_ratio_SNR":34.150936431338884,"probe_index":86,"mean_time":10.398295336609587},"32":{"success_ratio":0.26,"success_rate":0.564581623302623,"mean_second_ratio":0.8563991502588272,"second_ratio_SNR":69.88371424789547,"probe_index":86,"mean_time":9.696067287154182},"33":{"success_ratio":0.19,"success_rate":0.5294617603209592,"mean_second_ratio":0.8673266942327043,"second_ratio_SNR":63.18818287710308,"probe_index":86,"mean_time":9.896082828874619},"34":{"success_ratio":0,"success_rate":0,"mean_second_ratio":null,"second_ratio_SNR":null,"probe_index":86,"mean_time":null},"35":{"success_ratio":0.04,"success_rate":0.2095656228551798,"mean_second_ratio":0.7912716574043805,"second_ratio_SNR":13.17113267800803,"probe_index":86,"mean_time":9.308674596863552},"36":{"success_ratio":0.11,"success_rate":0.31292671825214546,"mean_second_ratio":0.9241160125750919,"second_ratio_SNR":91.11917815481323,"probe_index":86,"mean_time":9.562020907795457},"37":{"success_ratio":0.25,"success_rate":0.4002728259582722,"mean_second_ratio":0.8857416678346955,"second_ratio_SNR":77.60584902971104,"probe_index":86,"mean_time":9.776158565693668},"38":{"success_ratio":0.24,"success_rate":0.3903638679203581,"mean_second_ratio":0.872840983767281,"second_ratio_SNR":72.74077219635906,"probe_index":86,"mean_time":9.698384832476568},"39":{"success_ratio":0.32,"success_rate":0.48675494170367983,"mean_second_ratio":0.8746997242014701,"second_ratio_SNR":87.48929198385522,"probe_index":86,"mean_time":9.303597694530621},"43":{"success_ratio":0.36,"success_rate":0.4263291403072848,"mean_second_ratio":0.8871036348226806,"second_ratio_SNR":78.58012471528575,"probe_index":86,"mean_time":10.000247906802432},"44":{"success_ratio":0.39,"success_rate":0.4349581436432097,"mean_second_ratio":0.8839047908254497,"second_ratio_SNR":69.48705611732463,"probe_index":86,"mean_time":9.519502340398857},"45":{"success_ratio":0.44,"success_rate":0.5323641080118127,"mean_second_ratio":0.8816541622460924,"second_ratio_SNR":75.10803376042756,"probe_index":86,"mean_time":9.842246329635474},"47":{"success_ratio":0.33,