{"method_name":"sweepMinIterations","display_data":{"1":{"success_ratio":0,"success_rate":0,"mean_second_ratio":null},"2":{"success_ratio":0.926,"success_rate":405.8199666934917,"mean_second_ratio":0.35709143268538573},"3":{"success_ratio":0.996,"success_rate":351.81914517768774,"mean_second_ratio":0.29196787148594383},"4":{"success_ratio":1,"success_rate":302.7734043837064,"mean_second_ratio":0.24586666666666862},"5":{"success_ratio":1,"success_rate":271.28207910504375,"mean_second_ratio":0.22904761904761978},"6":{"success_ratio":0.998,"success_rate":233.95377186025127,"mean_second_ratio":0.20275073957438725},"7":{"success_ratio":1,"success_rate":208.2986168966716,"mean_second_ratio":0.19477222222222224},"8":{"success_ratio":0.998,"success_rate":176.78735917242486,"mean_second_ratio":0.17234468937875902},"9":{"success_ratio":1,"success_rate":172.52087502568338,"mean_second_ratio":0.17072121212121308},"10":{"success_ratio":1,"success_rate":155.64686838516772,"mean_second_ratio":0.16502447552447636},"11":{"success_ratio":1,"success_rate":139.0085907307488,"mean_second_ratio":0.1567564102564101},"12":{"success_ratio":1,"success_rate":129.73870624555784,"mean_second_ratio":0.1501648351648357},"13":{"success_ratio":1,"success_rate":126.10022445835955,"mean_second_ratio":0.14477142857142905},"14":{"success_ratio":1,"success_rate":113.48419165215623,"mean_second_ratio":0.13348333333333354},"15":{"success_ratio":1,"success_rate":111.05681666752163,"mean_second_ratio":0.13237892156862746},"17":{"success_ratio":1,"success_rate":105.2210694668851,"mean_second_ratio":0.12321637426900667},"33":{"success_ratio":1,"success_rate":59.26558092121781,"mean_second_ratio":0.08904873949579846},"65":{"success_ratio":1,"success_rate":32.39307047435968,"mean_second_ratio":0.06408868942003308},"129":{"success_ratio":1,"success_rate":17.141191998489454,"mean_second_ratio":0.050517019427071444},"257":{"success_ratio":1,"success_rate":8.429030931171773,"mean_second_ratio":0.04686559996142819}},"parameters":[500,3,3,5000],"worker":true}