{"method_name":"min_iterations","division_results":{"1":{"success_ratio":0,"success_rate":0,"mean_second_ratio":null,"second_ratio_SNR":null,"probe_index":162,"mean_time":null,"order_index":0},"2":{"success_ratio":0.88,"success_rate":343.21372853181344,"mean_second_ratio":0.3636363636363638,"second_ratio_SNR":24.59933480253662,"probe_index":162,"mean_time":129.25103574810606,"order_index":9},"3":{"success_ratio":1,"success_rate":341.5300546499144,"mean_second_ratio":0.2796666666666667,"second_ratio_SNR":25.105749385783042,"probe_index":162,"mean_time":120.40348828124999,"order_index":10},"4":{"success_ratio":1,"success_rate":246.54832347247603,"mean_second_ratio":0.2249999999999999,"second_ratio_SNR":23.987237731020326,"probe_index":162,"mean_time":127.23850781249999,"order_index":8},"8":{"success_ratio":1,"success_rate":154.27337241687414,"mean_second_ratio":0.1623333333333332,"second_ratio_SNR":20.18678983948913,"probe_index":162,"mean_time":128.83187673611113,"order_index":7},"16":{"success_ratio":1,"success_rate":75.5743651745639,"mean_second_ratio":0.12156862745098033,"second_ratio_SNR":28.60284006587076,"probe_index":162,"mean_time":125.47319732004644,"order_index":6},"24":{"success_ratio":1,"success_rate":51.59426271787544,"mean_second_ratio":0.09367948717948722,"second_ratio_SNR":31.561770145584607,"probe_index":162,"mean_time":141.3836012019231,"order_index":37},"32":{"success_ratio":1,"success_rate":41.92872117435212,"mean_second_ratio":0.08307486631016038,"second_ratio_SNR":32.047306580436185,"probe_index":162,"mean_time":124.88536005737524,"order_index":5},"47":{"success_ratio":1,"success_rate":27.947012464453394,"mean_second_ratio":0.06833776989056492,"second_ratio_SNR":35.8883239519613,"probe_index":162,"mean_time":131.42351044323982,"order_index":25},"55":{"success_ratio":1,"success_rate":25.159764504687658,"mean_second_ratio":0.0672214627477786,"second_ratio_SNR":41.96963035338536,"probe_index":162,"mean_time":132.60383167391134,"order_index":38},"63":{"success_ratio":1,"success_rate":21.147908471842346,"mean_second_ratio":0.059781746031746026,"second_ratio_SNR":42.55326857571559,"probe_index":162,"mean_time":128.03256591796875,"order_index":4},"78":{"success_ratio":1,"success_rate":15.203575881093183,"mean_second_ratio":0.05597944645712615,"second_ratio_SNR":34.90318227359651,"probe_index":162,"mean_time":124.99729186857195,"order_index":26},"86":{"success_ratio":1,"success_rate":12.648621300297267,"mean_second_ratio":0.04912748171368861,"second_ratio_SNR":43.173680235384566,"probe_index":162,"mean_time":126.59703894412878,"order_index":39},"94":{"success_ratio":1,"success_rate":13.521919030733264,"mean_second_ratio":0.050990761478163484,"second_ratio_SNR":32.88315624127892,"probe_index":162,"mean_time":126.73974974300987,"order_index":18},"109":{"success_ratio":1,"success_rate":11.55454902593958,"mean_second_ratio":0.04639878577493255,"second_ratio_SNR":39.24054088175906,"probe_index":162,"mean_time":129.73343343058966,"order_index":27},"125":{"success_ratio":1,"success_rate":11.137593834225338,"mean_second_ratio":0.04033166854143235,"second_ratio_SNR":40.756103192457324,"probe_index":162,"mean_time":129.62128148043993,"order_index":3},"140":{"success_ratio":1,"success_rate":9.408930957258905,"mean_second_ratio":0.039459340665658316,"second_ratio_SNR":37.23817979092155,"probe_index":162,"mean_time":129.45184259424002,"order_index":28},"156":{"success_ratio":1,"success_rate":8.51643672287633,"mean_second_ratio":0.03766248360228225,"second_ratio_SNR":34.57704229249956,"probe_index":162,"mean_time":129.92048964968154,"order_index":19},"171":{"success_ratio":1,"success_rate":7.843998556709366,"mean_second_ratio":0.03770132060566803,"second_ratio_SNR":45.821865501388785,"probe_index":162,"mean_time":131.7849437563628,"order_index":29},"187":{"success_ratio":1,"success_rate":7.136230642971179,"mean_second_ratio":0.03677700288982448,"second_ratio_SNR":36.92452723656907,"probe_index":162,"mean_time":131.46701365142687,"order_index":12},"202":{"success_ratio":1,"success_rate":6.097040496542061,"mean_second_ratio":0.03481238788460007,"second_ratio_SNR":44.187547254936064,"probe_index":162,"mean_time":128.95709520904262,"order_index":30},"218":{"success_ratio":1,"success_rate":6.275336671817339,"mean_second_ratio":0.03319196067536567,"second_ratio_SNR":40.445269158645274,"probe_index":162,"mean_time":129.23373073630145,"order_index":15},"234":{"success_ratio":1,"success_rate":6.006871861410679,"mean_second_ratio":0.03416824726020234,"second_ratio_SNR":47.53707519847645,"probe_index":162,"mean_time":132.15838896276594,"order_index":22},"250":{"success_ratio":1,"success_rate":5.758577401035636,"mean_second_ratio":0.032764366241288416,"second_ratio_SNR":39.888315728160315,"probe_index":162,"mean_time":129.14509601475055,"order_index":2},"265":{"success_ratio":1,"success_rate":4.742393201305076,"mean_second_ratio":0.032207282695999,"second_ratio_SNR":44.284706165209165,"probe_index":162,"mean_time":127.22900136687399,"order_index":31},"281":{"success_ratio":1,"success_rate":4.839661998003583,"mean_second_ratio":0.03205877455676992,"second_ratio_SNR":44.32884104383531,"probe_index":162,"mean_time":131.58723432742366,"order_index":20},"296":{"success_ratio":1,"success_rate":4.661048549484342,"mean_second_ratio":0.028575690592639744,"second_ratio_SNR":48.94891051741896,"probe_index":162,"mean_time":127.46269097222225,"order_index":32},"312":{"success_ratio":1,"success_rate":4.387234901332046,"mean_second_ratio":0.028973768279599205,"second_ratio_SNR":61.04023999377502,"probe_index":162,"mean_time":129.57022638777957,"order_index":13},"327":{"success_ratio":1,"success_rate":3.8561204343519795,"mean_second_ratio":0.02990781919981766,"second_ratio_SNR":43.548377455008456,"probe_index":162,"mean_time":130.3248213605183,"order_index":33},"343":{"success_ratio":1,"success_rate":4.046780785883151,"mean_second_ratio":0.029781534470551138,"second_ratio_SNR":38.6493179641328,"probe_index":162,"mean_time":129.51234647529068,"order_index":16},"359":{"success_ratio":1,"success_rate":3.7518384008177303,"mean_second_ratio":0.027422168807799952,"second_ratio_SNR":46.8547394870112,"probe_index":162,"mean_time":129.92236115427409,"order_index":23},"375":{"success_ratio":1,"success_rate":3.749812509373811,"mean_second_ratio":0.026403474799337606,"second_ratio_SNR":55.03179958101781,"probe_index":162,"mean_time":129.52886949952645,"order_index":11},"390":{"success_ratio":1,"success_rate":3.3531841837003293,"mean_second_ratio":0.028417655162710997,"second_ratio_SNR":46.13648395025698,"probe_index":162,"mean_time":129.57804467710994,"order_index":34},"406":{"success_ratio":1,"success_rate":3.3629497104506036,"mean_second_ratio":0.02642730291023295,"second_ratio_SNR":48.506173550476596,"probe_index":162,"mean_time":129.24778180487675,"order_index":21},"421":{"success_ratio":1,"success_rate":2.846812992853877,"mean_second_ratio":0.028075276291904476,"second_ratio_SNR":41.73005699045397,"probe_index":162,"mean_time":127.09577107877323,"order_index":35},"437":{"success_ratio":1,"success_rate":3.2264517419616543,"mean_second_ratio":0.027010386412306697,"second_ratio_SNR":52.21839439455358,"probe_index":162,"mean_time":131.4712536876177,"order_index":14},"452":{"success_ratio":1,"success_rate":2.8896890116693768,"mean_second_ratio":0.02684007428175363,"second_ratio_SNR":61.51092672723063,"probe_index":162,"mean_time":129.60638865476184,"order_index":36},"468":{"success_ratio":1,"success_rate":2.8745709702834317,"mean_second_ratio":0.025992011055397248,"second_ratio_SNR":55.782430446554606,"probe_index":162,"mean_time":128.98078078810903,"order_index":17},"484":{"success_ratio":1,"success_rate":2.7250926531483226,"mean_second_ratio":0.026211777785086668,"second_ratio_SNR":43.30143831695859,"probe_index":162,"mean_time":128.9885520385882,"order_index":24},"500":{"success_ratio":1,"success_rate":2.913871777986392,"mean_second_ratio":0.024679688295804966,