{"method_name":"max_cache_hit_number","test_results":{"2":{"success_ratio":0.992,"success_rate":478.810696005208,"mean_second_ratio":0.2640120967741935},"3":{"success_ratio":0.996,"success_rate":446.67683200850445,"mean_second_ratio":0.29216867469879526},"4":{"success_ratio":1,"success_rate":424.5202920681818,"mean_second_ratio":0.30860000000000015},"5":{"success_ratio":0.996,"success_rate":442.0379904180738,"mean_second_ratio":0.37269076305220916},"6":{"success_ratio":0.984,"success_rate":431.95785777165133,"mean_second_ratio":0.4117886178861792},"7":{"success_ratio":0.986,"success_rate":430.98172917383226,"mean_second_ratio":0.4201825557809337},"8":{"success_ratio":0.986,"success_rate":431.6231833296407,"mean_second_ratio":0.4449290060851932},"9":{"success_ratio":0.968,"success_rate":430.71994304665327,"mean_second_ratio":0.4810950413223146},"10":{"success_ratio":0.968,"success_rate":410.830999069752,"mean_second_ratio":0.4895661157024798},"11":{"success_ratio":0.944,"success_rate":408.7641811780553,"mean_second_ratio":0.5051906779661021},"12":{"success_ratio":0.95,"success_rate":380.76152304680284,"mean_second_ratio":0.49989473684210584},"13":{"success_ratio":0.922,"success_rate":401.8129521445107,"mean_second_ratio":0.5257049891540129},"14":{"success_ratio":0.92,"success_rate":361.2943763756259,"mean_second_ratio":0.5184782608695656},"15":{"success_ratio":0.912,"success_rate":394.566063856385,"mean_second_ratio":0.5364035087719293},"16":{"success_ratio":0.878,"success_rate":382.2709857271204,"mean_second_ratio":0.5560364464692478},"17":{"success_ratio":0.842,"success_rate":370.7617789507111,"mean_second_ratio":0.5603325415676947},"18":{"success_ratio":0.822,"success_rate":353.9441956589669,"mean_second_ratio":0.5669099756690986},"19":{"success_ratio":0.798,"success_rate":341.31736526259505,"mean_second_ratio":0.5675438596491212},"20":{"success_ratio":0.768,"success_rate":324.21479230037033,"mean_second_ratio":0.5842447916666653},"21":{"success_ratio":0.712,"success_rate":313.4906657329993,"mean_second_ratio":0.5967696629213465},"22":{"success_ratio":0.738,"success_rate":321.4005748652676,"mean_second_ratio":0.5976964769647674},"23":{"success_ratio":0.682,"success_rate":281.6552407707342,"mean_second_ratio":0.610557184750731},"24":{"success_ratio":0.67,"success_rate":283.4658994774876,"mean_second_ratio":0.6019402985074608},"25":{"success_ratio":0.642,"success_rate":289.1891891928288,"mean_second_ratio":0.6242990654205587},"26":{"success_ratio":0.63,"success_rate":279.60234332951035,"mean_second_ratio":0.6255555555555538},"27":{"success_ratio":0.596,"success_rate":274.12381565525305,"mean_second_ratio":0.6355704697986558},"28":{"success_ratio":0.538,"success_rate":246.99292993944,"mean_second_ratio":0.6395910780669126},"29":{"success_ratio":0.458,"success_rate":215.30650620654694,"mean_second_ratio":0.6611353711790381},"30":{"success_ratio":0.516,"success_rate":234.31114340208222,"mean_second_ratio":0.6513565891472853},"31":{"success_ratio":0.432,"success_rate":204.8169922239342,"mean_second_ratio":0.6520833333333313},"32":{"success_ratio":0.538,"success_rate":233.8927049823933,"mean_second_ratio":0.6531598513011138},"33":{"success_ratio":0.428,"success_rate":202.3449319213135,"mean_second_ratio":0.6726635514018674},"34":{"success_ratio":0.368,"success_rate":172.85110380335547,"mean_second_ratio":0.6510869565217369},"35":{"success_ratio":0.348,"success_rate":170.43784895627417,"mean_second_ratio":0.6695402298850555},"36":{"success_ratio":0.38,"success_rate":191.9385796572373,"mean_second_ratio":0.6839473684210505},"37":{"success_ratio":0.272,"success_rate":139.9752984782019,"mean_second_ratio":0.6838235294117634},"38":{"success_ratio":0.292,"success_rate":138.19214387048126,"mean_second_ratio":0.6839041095890395},"39":{"success_ratio":0.22,"success_rate":115.99704734565854,"mean_second_ratio":0.6981818181818175},"40":{"success_ratio":0.328,"success_rate":144.42976662212976,"mean_second_ratio":0.6737804878048762},"41":{"success_ratio":0.218,"success_rate":117.74873069124206,"mean_second_ratio":0.6940366972477057},"42":{"success_ratio":0.174,"success_rate":94.25785482023647,"mean_second_ratio":0.707471264367816},"43":{"success_ratio":0.184,"success_rate":98.81847476020259,"mean_second_ratio":0.7081521739130431},"44":{"success_ratio":0.14,"success_rate":79.29315813391936,"mean_second_ratio":0.7192857142857142},"45":{"success_ratio":0.108,"success_rate":60.37567084145353,"mean_second_ratio":0.7361111111111112},"46":{"success_ratio":0.138,"success_rate":69.8239222834684,"mean_second_ratio":0.7333333333333333},"47":{"success_ratio":0.11,"success_rate":61.34969325135848,"mean_second_ratio":0.7190909090909096},"48":{"success_ratio":0.114,"success_rate":64.42133815552893,"mean_second_ratio":0.7192982456140353},"49":{"success_ratio":0.068,"success_rate":39.59934777513269,"mean_second_ratio":0.7220588235294123},"50":{"success_ratio":0.076,"success_rate":44.52255418876863,"mean_second_ratio":0.7421052631578953},"51":{"success_ratio":0.092,"success_rate":51.25348189461579,"mean_second_ratio":0.7565217391304349},"52":{"success_ratio":0.078,"success_rate":43.309272626856206,"mean_second_ratio":0.747435897435898},"53":{"success_ratio":0.054,"success_rate":29.482419742690084,"mean_second_ratio":0.7555555555555559},"54":{"success_ratio":0.032,"success_rate":18.89689382319839,"mean_second_ratio":0.7718750000000001},"55":{"success_ratio":0.022,"success_rate":12.65240395681074,"mean_second_ratio":0.7636363636363636},"56":{"success_ratio":0.034,"success_rate":18.448182311513982,"mean_second_ratio":0.7588235294117648},"57":{"success_ratio":0.03,"success_rate":17.783046828326743,"mean_second_ratio":0.7566666666666667},"58":{"success_ratio":0.042,"success_rate":24.472672182381338,"mean_second_ratio":0.7523809523809526},"59":{"success_ratio":0.034,"success_rate":17.36288428102303,"mean_second_ratio":0.7529411764705882},"60":{"success_ratio":0.072,"success_rate":35.763957878241754,"mean_second_ratio":0.7388888888888893},"61":{"success_ratio":0.03,"success_rate":16.346992153690977,"mean_second_ratio":0.7600000000000001},"62":{"success_ratio":0.024,"success_rate":14.201183431933098,"mean_second_ratio":0.7833333333333333},"63":{"success_ratio":0.02,"success_rate":11.090163025190865,"mean_second_ratio":0.7999999999999999},"64":{"success_ratio":0.016,"success_rate":9.182736455525573,"mean_second_ratio":0.7999999999999999},"65":{"success_ratio":0.008,"success_rate":4.905567819521889,"mean_second_ratio":0.8},"66":{"success_ratio":0.004,"success_rate":2.1242697822933416,"mean_second_ratio":0.8},"67":{"success_ratio":0.008,"success_rate":4.615739672392357,"mean_second_ratio":0.8},"68":{"success_ratio":0.01,"success_rate":6.0146758088303685,"mean_second_ratio":0.8},"69":{"success_ratio":0.004,"success_rate":2.4283632831372732,"mean_second_ratio":0.8},"70":{"success_ratio":0.004,"success_rate":2.194907813866321,"mean_second_ratio":0.8},"71":{"success_ratio":0.004,"success_rate":2.24089635857557,"mean_second_ratio":0.8},"72":{"success_ratio":0.002,"success_rate":1.0535187526307475,"mean_second_ratio":0.8},"73":{"success_ratio":0.002,"success_rate":1.1154489682065178,"mean_second_ratio":0.8},"81":{"success_ratio":0.002,"success_rate":1.1384335154619956,"mean_second_ratio":0.8},"89":{"success_ratio":0.002,"success_rate":1.1586142973168687,"mean_second_ratio":0.8},"90":{"success_ratio":0,"success_rate":0,"mean_second_ratio":null},"91":{"success_ratio":0,"success_rate":0,"mean_second_ratio":null},"93":{"success_ratio":0,"success_rate":0,"mean_second_ratio":null},"97":{"success_ratio":0,"success_rate":0,"mean_second_ratio":null},"129":{"success_ratio":0,"success_rate":0,"mean_second_ratio":null},"256":{"success_ratio":0,"success_rate":0,"mean_second_ratio":null}},"configuration":{"probe_length":256,"page_size":5000,"repetitions":500,"min_iterations":3,"max_cache_hit_number":3},"options":{"interval":[2,256],"min_step_width":1,"length":80,"integer":true},"worker":true}