{"method_name":"max_cache_hit_number","test_results":{"1":{"success_ratio":0,"success_rate":0,"mean_second_ratio":null},"2":{"success_ratio":0.998,"success_rate":455.3750684389667,"mean_second_ratio":0.2590180360721443},"3":{"success_ratio":1,"success_rate":429.3319594750629,"mean_second_ratio":0.2825},"4":{"success_ratio":0.996,"success_rate":460.72717180091945,"mean_second_ratio":0.3341365461847391},"5":{"success_ratio":0.994,"success_rate":426.82926830014236,"mean_second_ratio":0.3667002012072438},"6":{"success_ratio":0.988,"success_rate":422.51111871223685,"mean_second_ratio":0.3828947368421058},"7":{"success_ratio":0.994,"success_rate":417.7172634081321,"mean_second_ratio":0.4355130784708255},"8":{"success_ratio":0.988,"success_rate":437.052110051966,"mean_second_ratio":0.46062753036437337},"9":{"success_ratio":0.982,"success_rate":413.43886830417335,"mean_second_ratio":0.465682281059064},"10":{"success_ratio":0.97,"success_rate":421.4825758240259,"mean_second_ratio":0.48216494845360897},"11":{"success_ratio":0.958,"success_rate":406.8631614676063,"mean_second_ratio":0.4783924843423807},"12":{"success_ratio":0.958,"success_rate":421.3211364190695,"mean_second_ratio":0.4970772442588732},"13":{"success_ratio":0.966,"success_rate":388.7636831974903,"mean_second_ratio":0.506625258799172},"14":{"success_ratio":0.936,"success_rate":387.6739562610197,"mean_second_ratio":0.5130341880341881},"15":{"success_ratio":0.918,"success_rate":346.153846153603,"mean_second_ratio":0.5145969498910681},"16":{"success_ratio":0.866,"success_rate":356.1441026468796,"mean_second_ratio":0.5510392609699765},"17":{"success_ratio":0.86,"success_rate":340.0553578515819,"mean_second_ratio":0.540697674418604},"18":{"success_ratio":0.852,"success_rate":360.43658516072446,"mean_second_ratio":0.5571596244131444},"19":{"success_ratio":0.82,"success_rate":325.16456499484394,"mean_second_ratio":0.5635365853658525},"20":{"success_ratio":0.784,"success_rate":331.3609467483664,"mean_second_ratio":0.577806122448978},"21":{"success_ratio":0.804,"success_rate":318.3149893099302,"mean_second_ratio":0.585572139303481},"22":{"success_ratio":0.742,"success_rate":313.98104265889134,"mean_second_ratio":0.5933962264150923},"23":{"success_ratio":0.708,"success_rate":300.1017293990028,"mean_second_ratio":0.5994350282485851},"24":{"success_ratio":0.694,"success_rate":300.38088643199313,"mean_second_ratio":0.609510086455329},"25":{"success_ratio":0.68,"success_rate":291.84549356019033,"mean_second_ratio":0.6105882352941154},"26":{"success_ratio":0.66,"success_rate":294.5376651158297,"mean_second_ratio":0.6154545454545433},"27":{"success_ratio":0.586,"success_rate":261.5137450876913,"mean_second_ratio":0.6341296928327624},"28":{"success_ratio":0.554,"success_rate":257.2436849971761,"mean_second_ratio":0.624729241877254},"29":{"success_ratio":0.508,"success_rate":243.92586190065205,"mean_second_ratio":0.6446850393700769},"30":{"success_ratio":0.494,"success_rate":228.1966001448941,"mean_second_ratio":0.64068825910931},"31":{"success_ratio":0.528,"success_rate":237.23939611734485,"mean_second_ratio":0.6486742424242408},"32":{"success_ratio":0.406,"success_rate":208.8262524402433,"mean_second_ratio":0.6564039408866973},"33":{"success_ratio":0.476,"success_rate":203.90678547015858,"mean_second_ratio":0.6481092436974769},"34":{"success_ratio":0.406,"success_rate":190.4493854981714,"mean_second_ratio":0.6605911330049239},"35":{"success_ratio":0.364,"success_rate":181.47372619544444,"mean_second_ratio":0.6623626373626356},"36":{"success_ratio":0.36,"success_rate":168.88722086517606,"mean_second_ratio":0.6622222222222202},"37":{"success_ratio":0.32,"success_rate":149.58863126163385,"mean_second_ratio":0.6937499999999982},"38":{"success_ratio":0.252,"success_rate":132.20018885555893,"mean_second_ratio":0.6746031746031736},"39":{"success_ratio":0.304,"success_rate":144.78948371008485,"mean_second_ratio":0.6904605263157878},"40":{"success_ratio":0.246,"success_rate":129.82900569918465,"mean_second_ratio":0.6947154471544704},"41":{"success_ratio":0.274,"success_rate":139.63918051517,"mean_second_ratio":0.6781021897810205},"42":{"success_ratio":0.206,"success_rate":108.48957236341774,"mean_second_ratio":0.7033980582524265},"43":{"success_ratio":0.196,"success_rate":104.90259045298359,"mean_second_ratio":0.6892857142857141},"44":{"success_ratio":0.158,"success_rate":86.22571491149448,"mean_second_ratio":0.7139240506329113},"45":{"success_ratio":0.172,"success_rate":87.46059188254054,"mean_second_ratio":0.7203488372093018},"46":{"success_ratio":0.152,"success_rate":81.73800817269147,"mean_second_ratio":0.7223684210526314},"47":{"success_ratio":0.138,"success_rate":71.090047393324,"mean_second_ratio":0.7413043478260868},"48":{"success_ratio":0.112,"success_rate":60.90266449229632,"mean_second_ratio":0.7499999999999999},"49":{"success_ratio":0.128,"success_rate":67.69621324329512,"mean_second_ratio":0.7249999999999998},"50":{"success_ratio":0.092,"success_rate":48.96742601645342,"mean_second_ratio":0.7467391304347829},"51":{"success_ratio":0.06,"success_rate":32.99967000261201,"mean_second_ratio":0.766666666666667},"52":{"success_ratio":0.076,"success_rate":40.84703858938329,"mean_second_ratio":0.7578947368421057},"53":{"success_ratio":0.068,"success_rate":39.91547311556721,"mean_second_ratio":0.7588235294117651},"54":{"success_ratio":0.056,"success_rate":30.574361214641566,"mean_second_ratio":0.7357142857142859},"55":{"success_ratio":0.072,"success_rate":38.28565351416071,"mean_second_ratio":0.7430555555555559},"56":{"success_ratio":0.056,"success_rate":32.64164140833164,"mean_second_ratio":0.7571428571428575},"57":{"success_ratio":0.046,"success_rate":25.377910184199195,"mean_second_ratio":0.7739130434782611},"58":{"success_ratio":0.02,"success_rate":11.846937566405705,"mean_second_ratio":0.76},"59":{"success_ratio":0.038,"success_rate":21.13224335423902,"mean_second_ratio":0.8000000000000003},"60":{"success_ratio":0.018,"success_rate":9.725524097610162,"mean_second_ratio":0.7555555555555554},"61":{"success_ratio":0.026,"success_rate":15.102230483360426,"mean_second_ratio":0.7961538461538462},"62":{"success_ratio":0.006,"success_rate":3.400589435530155,"mean_second_ratio":0.8000000000000002},"63":{"success_ratio":0.022,"success_rate":12.260365581718442,"mean_second_ratio":0.7999999999999999},"64":{"success_ratio":0.006,"success_rate":3.273679615829537,"mean_second_ratio":0.8000000000000002},"65":{"success_ratio":0.006,"success_rate":3.1952284589056434,"mean_second_ratio":0.8000000000000002},"66":{"success_ratio":0.016,"success_rate":8.52424080963581,"mean_second_ratio":0.7499999999999999},"67":{"success_ratio":0.008,"success_rate":4.565167769921852,"mean_second_ratio":0.8},"68":{"success_ratio":0.01,"success_rate":6.039376736292617,"mean_second_ratio":0.8},"69":{"success_ratio":0,"success_rate":0,"mean_second_ratio":null},"70":{"success_ratio":0.004,"success_rate":2.0714655618415745,"mean_second_ratio":0.8},"71":{"success_ratio":0.002,"success_rate":1.059546514115441,"mean_second_ratio":0.8},"72":{"success_ratio":0,"success_rate":0,"mean_second_ratio":null},"74":{"success_ratio":0,"success_rate":0,"mean_second_ratio":null},"75":{"success_ratio":0.002,"success_rate":1.1814744801380335,"mean_second_ratio":0.8},"76":{"success_ratio":0.002,"success_rate":1.1058277120489555,"mean_second_ratio":0.8},"78":{"success_ratio":0,"success_rate":0,"mean_second_ratio":null},"80":{"success_ratio":0,"success_rate":0,"mean_second_ratio":null},"96":{"success_ratio":0,"success_rate":0,"mean_second_ratio":null},"128":{"success_ratio":0,"success_rate":0,"mean_second_ratio":null},"256":{"success_ratio":0,"success_rate":0,"mean_second_ratio":null}},"options":{"interval":[1,256],"min_step_width":1,"length":80,"integer":true,"configuration":{"repetitions":500,"page_size":5000,"probe_length":256,"min_iterations":3,"max_cache_hit_number":3}},"worker":true}