{"method_name":"sweepMinIterations","display_data":{"1":{"success_ratio":0,"success_rate":0,"mean_second_ratio":null},"2":{"success_ratio":0.002,"success_rate":1.1191941801878205,"mean_second_ratio":0.3333333333333333},"3":{"success_ratio":0.01,"success_rate":4.7317119333893025,"mean_second_ratio":0.35},"5":{"success_ratio":0.014,"success_rate":4.786979415991026,"mean_second_ratio":0.3074829931972789},"7":{"success_ratio":0.008,"success_rate":2.2100668545221076,"mean_second_ratio":0.3444444444444444},"8":{"success_ratio":0.014,"success_rate":3.6660731119714645,"mean_second_ratio":0.3095238095238095},"9":{"success_ratio":0.03,"success_rate":6.846813949241322,"mean_second_ratio":0.48202797202797204},"10":{"success_ratio":0.012,"success_rate":2.557544757035723,"mean_second_ratio":0.3573232323232323},"11":{"success_ratio":0.014,"success_rate":2.8633370147666244,"mean_second_ratio":0.3415750915750916},"13":{"success_ratio":0.018,"success_rate":3.154131912805814,"mean_second_ratio":0.3158068783068783},"14":{"success_ratio":0.01,"success_rate":1.6291951775825368,"mean_second_ratio":0.28302521008403364},"15":{"success_ratio":0.026,"success_rate":3.7913033334276562,"mean_second_ratio":0.23605365223012284},"16":{"success_ratio":0.01,"success_rate":1.3955175974764191,"mean_second_ratio":0.3162710698314414},"17":{"success_ratio":0.008,"success_rate":1.1128112393937521,"mean_second_ratio":0.3951797385620915},"25":{"success_ratio":0.006,"success_rate":0.5974548423714573,"mean_second_ratio":0.34890109890109894},"33":{"success_ratio":0.016,"success_rate":1.1889546116573133,"mean_second_ratio":0.24255737382672368},"49":{"success_ratio":0.012,"success_rate":0.6074534538790901,"mean_second_ratio":0.28698113207547166},"65":{"success_ratio":0.004,"success_rate":0.1608855138683432,"mean_second_ratio":0.2269433465085639},"129":{"success_ratio":0.004,"success_rate":0.07712211129490862,"mean_second_ratio":0.2811704834605598},"257":{"success_ratio":0.006,"success_rate":0.047222082304942785,"mean_second_ratio":0.14238027730019406}},"parameters":[500,30,3],"worker":true}