{"method_name":"min_iterations","division_results":{"1":{"success_ratio":0,"success_rate":0,"mean_second_ratio":null,"second_ratio_SNR":null,"probe_index":244,"mean_time":null,"mean_total_iterations":null,"total_iterations_SNR":null,"mean_total_iterations_failing":1.035,"order_index":0},"8":{"success_ratio":1,"success_rate":168.91891891889193,"mean_second_ratio":0.3517689393939393,"second_ratio_SNR":60.80226201860187,"probe_index":244,"mean_time":51.30061570785987,"mean_total_iterations":9.66,"total_iterations_SNR":199.46610143118204,"mean_total_iterations_failing":null,"order_index":7},"16":{"success_ratio":1,"success_rate":103.8152089281315,"mean_second_ratio":0.29752429480564135,"second_ratio_SNR":55.01093658590426,"probe_index":244,"mean_time":47.14796764861373,"mean_total_iterations":17.785,"total_iterations_SNR":320.7476945177636,"mean_total_iterations_failing":null,"order_index":6},"32":{"success_ratio":1,"success_rate":58.156440825831794,"mean_second_ratio":0.2781246710805535,"second_ratio_SNR":73.11890529611519,"probe_index":244,"mean_time":48.32559256670233,"mean_total_iterations":34.21,"total_iterations_SNR":663.8035449321796,"mean_total_iterations_failing":null,"order_index":5},"47":{"success_ratio":1,"success_rate":40.59100503328405,"mean_second_ratio":0.24416541068145745,"second_ratio_SNR":59.46204637295267,"probe_index":244,"mean_time":46.191011415070825,"mean_total_iterations":49.195,"total_iterations_SNR":817.5362849244369,"mean_total_iterations_failing":null,"order_index":14},"55":{"success_ratio":0.995,"success_rate":35.07844174157898,"mean_second_ratio":0.24017786891292653,"second_ratio_SNR":68.80525640200493,"probe_index":244,"mean_time":46.514072733527065,"mean_total_iterations":57.2964824120603,"total_iterations_SNR":881.8287659094833,"mean_total_iterations_failing":57,"order_index":16},"63":{"success_ratio":0.995,"success_rate":31.64858933172151,"mean_second_ratio":0.23657051694668532,"second_ratio_SNR":68.26320028618858,"probe_index":244,"mean_time":47.32744423114559,"mean_total_iterations":65.23115577889448,"total_iterations_SNR":975.3186589043037,"mean_total_iterations_failing":64,"order_index":4},"78":{"success_ratio":0.995,"success_rate":25.492230634233646,"mean_second_ratio":0.22671142458992893,"second_ratio_SNR":87.58738509147827,"probe_index":244,"mean_time":46.67416741387158,"mean_total_iterations":80.39195979899498,"total_iterations_SNR":1357.8179914530745,"mean_total_iterations_failing":79,"order_index":15},"86":{"success_ratio":1,"success_rate":23.721415694088755,"mean_second_ratio":0.21209017265547786,"second_ratio_SNR":79.73560908174976,"probe_index":244,"mean_time":45.423359973656396,"mean_total_iterations":88.29,"total_iterations_SNR":1557.9559813384205,"mean_total_iterations_failing":null,"order_index":17},"94":{"success_ratio":1,"success_rate":21.528988783397814,"mean_second_ratio":0.21004679700437914,"second_ratio_SNR":76.10987068226825,"probe_index":244,"mean_time":46.56221006233454,"mean_total_iterations":96.23,"total_iterations_SNR":1526.2778731066342,"mean_total_iterations_failing":null,"order_index":13},"125":{"success_ratio":1,"success_rate":16.78640972268899,"mean_second_ratio":0.2046807529507297,"second_ratio_SNR":93.26877118613515,"probe_index":244,"mean_time":46.321354001252494,"mean_total_iterations":127.295,"total_iterations_SNR":2175.4173308786667,"mean_total_iterations_failing":null,"order_index":3},"187":{"success_ratio":1,"success_rate":11.084938340030197,"mean_second_ratio":0.156611600242128,"second_ratio_SNR":99.46443689343361,"probe_index":244,"mean_time":45.99234742164727,"mean_total_iterations":189.17,"total_iterations_SNR":2634.2452421783414,"mean_total_iterations_failing":null,"order_index":18},"202":{"success_ratio":1,"success_rate":10.055607509527677,"mean_second_ratio":0.162779153204722,"second_ratio_SNR":88.17635666369968,"probe_index":244,"mean_time":46.13449264663818,"mean_total_iterations":204.19,"total_iterations_SNR":3204.5830657684646,"mean_total_iterations_failing":null,"order_index":22},"210":{"success_ratio":1,"success_rate":9.643573522604557,"mean_second_ratio":0.1555270035878901,"second_ratio_SNR":91.76799916692704,"probe_index":244,"mean_time":46.21351064333969,"mean_total_iterations":212.165,"total_iterations_SNR":3548.6585275577613,"mean_total_iterations_failing":null,"order_index":23},"218":{"success_ratio":0.995,"success_rate":9.278211123595812,"mean_second_ratio":0.1475555174001422,"second_ratio_SNR":119.80892437228474,"probe_index":244,"mean_time":45.828351333310316,"mean_total_iterations":220.11557788944722,"total_iterations_SNR":3602.731601335371,"mean_total_iterations_failing":221,"order_index":20},"234":{"success_ratio":0.995,"success_rate":8.598155069238782,"mean_second_ratio":0.14895776905960342,"second_ratio_SNR":109.56194615599033,"probe_index":244,"mean_time":46.21288916302164,"mean_total_iterations":236.15075376884423,"total_iterations_SNR":3490.194722254395,"mean_total_iterations_failing":235,"order_index":21},"242":{"success_ratio":0.995,"success_rate":8.457360453552417,"mean_second_ratio":0.14485204548528857,"second_ratio_SNR":132.15051681885015,"probe_index":244,"mean_time":45.659333815802015,"mean_total_iterations":244.2211055276382,"total_iterations_SNR":2857.9816428399477,"mean_total_iterations_failing":243,"order_index":24},"250":{"success_ratio":1,"success_rate":8.406787640340928,"mean_second_ratio":0.18093098344626043,"second_ratio_SNR":111.70935075031862,"probe_index":244,"mean_time":46.195374917574654,"mean_total_iterations":252.485,"total_iterations_SNR":3626.51053917632,"mean_total_iterations_failing":null,"order_index":2},"312":{"success_ratio":1,"success_rate":6.708932944215288,"mean_second_ratio":0.13634586961356887,"second_ratio_SNR":153.43230053395314,"probe_index":244,"mean_time":45.90285894317341,"mean_total_iterations":314.195,"total_iterations_SNR":5048.31846731489,"mean_total_iterations_failing":null,"order_index":19},"375":{"success_ratio":1,"success_rate":5.675658802095489,"mean_second_ratio":0.16371554553571838,"second_ratio_SNR":97.90698758850503,"probe_index":244,"mean_time":46.58488088344159,"mean_total_iterations":377.43,"total_iterations_SNR":5645.186902850231,"mean_total_iterations_failing":null,"order_index":8},"437":{"success_ratio":1,"success_rate":4.9018766834883,"mean_second_ratio":0.14641659830302706,"second_ratio_SNR":80.93835641930085,"probe_index":244,"mean_time":46.623775593149965,"mean_total_iterations":439.29,"total_iterations_SNR":7518.79376227322,"mean_total_iterations_failing":null,"order_index":9},"468":{"success_ratio":1,"success_rate":4.574398009222001,"mean_second_ratio":0.16201562287594945,"second_ratio_SNR":103.38389334771999,"probe_index":244,"mean_time":46.36945447740807,"mean_total_iterations":470.64,"total_iterations_SNR":6228.892554179842,"mean_total_iterations_failing":null,"order_index":10},"484":{"success_ratio":1,"success_rate":4.412546635102296,"mean_second_ratio":0.1676373011886573,"second_ratio_SNR":112.1626760505223,"probe_index":244,"mean_time":46.429210904243476,"mean_total_iterations":486.51,"total_iterations_SNR":8013.055821519323,"mean_total_iterations_failing":null,"order_index":11},"492":{"success_ratio":1,"success_rate":4.299447950883097,"mean_second_ratio":0.16311453468880974,"second_ratio_SNR":112.62458894311644,"probe_index":244,"mean_time":45.837813437727945,"mean_total_iterations":494.5,"total_iterations_SNR":7460.101702740379,"mean_total_iterations_failing":null,"order_index":12},"500":{"success_ratio":0.98,"success_rate":4.165364990107286,"mean_second_ratio":0.1678134930234163,"second_ratio_SNR":99.50931003030125,"probe_index":244,"mean_time":46.55948844495312,"mean_total_iterations":503.05102040816325,"total_iterations_SNR":4162.062550867395,"mean_total_iterations_failing":505.25,"order_index":1}},"sequential_results":{"1":{"success_ratio":0,"success_rate":0,"mean_second_ratio":null,"second_ratio_SNR":null,"probe_index":244,"mean_time":null,"mean_total_iterations":null,