{"method_name":"min_iterations","test_results":{"1":{"success_ratio":0,"success_rate":0,"mean_second_ratio":null,"second_ratio_SNR":null,"probe_index":223,"mean_time":null,"order_index":0},"2":{"success_ratio":0.8,"success_rate":347.22222222166084,"mean_second_ratio":0.3791666666666668,"second_ratio_SNR":20.927220895496607,"probe_index":223,"mean_time":29.871354166666663,"order_index":9},"3":{"success_ratio":1,"success_rate":273.52297591562467,"mean_second_ratio":0.29000000000000004,"second_ratio_SNR":24.192710604163647,"probe_index":223,"mean_time":32.2536171875,"order_index":10},"4":{"success_ratio":0.98,"success_rate":229.5081967234389,"mean_second_ratio":0.2775510204081632,"second_ratio_SNR":18.866474188807782,"probe_index":223,"mean_time":34.40709768282313,"order_index":8},"5":{"success_ratio":0.96,"success_rate":174.60894870609246,"mean_second_ratio":0.22222222222222218,"second_ratio_SNR":19.18766965180159,"probe_index":223,"mean_time":36.62415907118055,"order_index":12},"6":{"success_ratio":1,"success_rate":192.60400615971787,"mean_second_ratio":0.20785714285714296,"second_ratio_SNR":18.912238392554226,"probe_index":223,"mean_time":39.33436383928571,"order_index":11},"8":{"success_ratio":1,"success_rate":136.76148796325586,"mean_second_ratio":0.18244444444444435,"second_ratio_SNR":20.59268635208625,"probe_index":223,"mean_time":33.81999739583335,"order_index":7},"12":{"success_ratio":1,"success_rate":75.4375377181408,"mean_second_ratio":0.187967032967033,"second_ratio_SNR":19.506195887268323,"probe_index":223,"mean_time":32.46113796359889,"order_index":70},"16":{"success_ratio":1,"success_rate":70.82152974448194,"mean_second_ratio":0.1629102167182662,"second_ratio_SNR":13.737921443644117,"probe_index":223,"mean_time":33.33948745753784,"order_index":6},"20":{"success_ratio":1,"success_rate":62.91682395884085,"mean_second_ratio":0.15829314888010548,"second_ratio_SNR":18.457048335893266,"probe_index":223,"mean_time":32.11873366146422,"order_index":71},"24":{"success_ratio":1,"success_rate":39.04114937134665,"mean_second_ratio":0.11160239599370039,"second_ratio_SNR":23.414359444182754,"probe_index":223,"mean_time":34.397498076923085,"order_index":39},"28":{"success_ratio":1,"success_rate":40.90314136081169,"mean_second_ratio":0.11523205678266864,"second_ratio_SNR":14.628692787164098,"probe_index":223,"mean_time":31.638562106043768,"order_index":72},"32":{"success_ratio":1,"success_rate":39.9329127067204,"mean_second_ratio":0.10520642861250065,"second_ratio_SNR":16.3992392895255,"probe_index":223,"mean_time":32.09173887310607,"order_index":5},"39":{"success_ratio":1,"success_rate":27.756189630339215,"mean_second_ratio":0.09808537996021953,"second_ratio_SNR":17.978895164212958,"probe_index":223,"mean_time":32.023604788218634,"order_index":58},"43":{"success_ratio":1,"success_rate":25.44917799159219,"mean_second_ratio":0.10249088895600524,"second_ratio_SNR":15.837674527407783,"probe_index":223,"mean_time":31.295803701073233,"order_index":73},"47":{"success_ratio":1,"success_rate":20.57782533543492,"mean_second_ratio":0.0956250060307811,"second_ratio_SNR":16.316389247811657,"probe_index":223,"mean_time":34.879258919270825,"order_index":27},"51":{"success_ratio":1,"success_rate":20.22817380047463,"mean_second_ratio":0.0884230740772361,"second_ratio_SNR":20.14033837325546,"probe_index":223,"mean_time":33.213868774945574,"order_index":74},"55":{"success_ratio":1,"success_rate":17.70663644735112,"mean_second_ratio":0.08620705876564863,"second_ratio_SNR":13.164444323598516,"probe_index":223,"mean_time":33.90051806763001,"order_index":40},"59":{"success_ratio":1,"success_rate":18.452227183775424,"mean_second_ratio":0.12212307480871326,"second_ratio_SNR":12.387278600782237,"probe_index":223,"mean_time":32.18553555217698,"order_index":75},"63":{"success_ratio":1,"success_rate":21.178364183153416,"mean_second_ratio":0.07700113924062894,"second_ratio_SNR":20.27974869990855,"probe_index":223,"mean_time":31.44799861767465,"order_index":4},"70":{"success_ratio":1,"success_rate":14.916912795688837,"mean_second_ratio":0.0749727485264113,"second_ratio_SNR":22.191422735785963,"probe_index":223,"mean_time":33.84341006112063,"order_index":59},"74":{"success_ratio":1,"success_rate":14.816570852861343,"mean_second_ratio":0.08236317283397313,"second_ratio_SNR":11.665445964665139,"probe_index":223,"mean_time":31.17742108057787,"order_index":76},"78":{"success_ratio":1,"success_rate":15.146007512411929,"mean_second_ratio":0.06788380733190859,"second_ratio_SNR":18.908496449417864,"probe_index":223,"mean_time":33.8275264660799,"order_index":28},"82":{"success_ratio":1,"success_rate":12.834004979631437,"mean_second_ratio":0.07333097396422011,"second_ratio_SNR":15.826783205494001,"probe_index":223,"mean_time":31.862713665850382,"order_index":77},"86":{"success_ratio":1,"success_rate":9.674548198598995,"mean_second_ratio":0.06223066046494097,"second_ratio_SNR":21.79793584579482,"probe_index":223,"mean_time":35.84800089267324,"order_index":41},"90":{"success_ratio":1,"success_rate":11.872536448686503,"mean_second_ratio":0.08953546957845929,"second_ratio_SNR":11.071699795639812,"probe_index":223,"mean_time":30.997357682229453,"order_index":78},"94":{"success_ratio":1,"success_rate":11.257458065966638,"mean_second_ratio":0.054980770551568206,"second_ratio_SNR":36.37843112751838,"probe_index":223,"mean_time":34.145337984854706,"order_index":20},"101":{"success_ratio":1,"success_rate":9.125919436380075,"mean_second_ratio":0.05985501103473441,"second_ratio_SNR":24.46018968464069,"probe_index":223,"mean_time":36.81082329442699,"order_index":60},"105":{"success_ratio":1,"success_rate":10.531415211560224,"mean_second_ratio":0.04991549083443927,"second_ratio_SNR":44.061920681467036,"probe_index":223,"mean_time":32.80783067773541,"order_index":79},"109":{"success_ratio":1,"success_rate":10.005402917570038,"mean_second_ratio":0.05154518538399185,"second_ratio_SNR":33.02500436866435,"probe_index":223,"mean_time":34.34189879581285,"order_index":29},"117":{"success_ratio":1,"success_rate":7.035911291240676,"mean_second_ratio":0.057632212194670275,"second_ratio_SNR":19.36200699244536,"probe_index":223,"mean_time":36.21095465278274,"order_index":42},"125":{"success_ratio":1,"success_rate":10.009008107287471,"mean_second_ratio":0.06007721195354122,"second_ratio_SNR":21.725498872160976,"probe_index":223,"mean_time":33.31134820549775,"order_index":3},"132":{"success_ratio":1,"success_rate":8.115960848594806,"mean_second_ratio":0.06031634299584817,"second_ratio_SNR":18.677664869915592,"probe_index":223,"mean_time":34.22340816915189,"order_index":61},"140":{"success_ratio":1,"success_rate":8.8066930867378,"mean_second_ratio":0.05364737397717701,"second_ratio_SNR":14.139353620230349,"probe_index":223,"mean_time":33.074204464577605,"order_index":30},"148":{"success_ratio":1,"success_rate":6.557893080110701,"mean_second_ratio":0.0513633394243133,"second_ratio_SNR":24.613756868338076,"probe_index":223,"mean_time":33.980963660514526,"order_index":43},"156":{"success_ratio":1,"success_rate":7.804086219542398,"mean_second_ratio":0.058207450894857446,"second_ratio_SNR":14.531184925685851,"probe_index":223,"mean_time":31.971050353871043,"order_index":21},"163":{"success_ratio":1,"success_rate":5.926839098164426,"mean_second_ratio":0.045332619731557944,"second_ratio_SNR":21.22487483052311,"probe_index":223,"mean_time":33.49577461630752,"order_index":62},"171":{"success_ratio":1,"success_rate":7.495015814492027,"mean_second_ratio":0.04589349258799716,"second_ratio_SNR":16.970400086325817,"probe_index":223,"mean_time":33.701887053283606,"order_index":31},"179":{"success_ratio":1,"success_rate":5.781416215712529,"mean_second_ratio":0.048424368962153526,"second_ratio_SNR":17.104522341190645,"probe_index":223,"mean_time":33.2021794633318,"order_index":44},"187":{"success_ratio":1,"success_rate":6.983142693543954,"mean_second_ratio":0.05932559339302235,"second_ratio_SNR":15.322482616445706,"probe_index":223,