{"method_name":"max_cache_hit_number","test_results":{"1":{"success_ratio":0,"success_rate":0,"mean_second_ratio":null},"2":{"success_ratio":0.976,"success_rate":362.50185707919843,"mean_second_ratio":0.2735997267759563},"3":{"success_ratio":0.984,"success_rate":357.2465872816284,"mean_second_ratio":0.31636178861788633},"4":{"success_ratio":0.98,"success_rate":391.84326269660005,"mean_second_ratio":0.35591836734693905},"5":{"success_ratio":0.97,"success_rate":367.25730729088724,"mean_second_ratio":0.3975601374570449},"6":{"success_ratio":0.988,"success_rate":397.84166867579825,"mean_second_ratio":0.43228744939271285},"7":{"success_ratio":0.962,"success_rate":362.66304757977036,"mean_second_ratio":0.4499306999307006},"8":{"success_ratio":0.956,"success_rate":366.9020571063778,"mean_second_ratio":0.4749651324965135},"9":{"success_ratio":0.954,"success_rate":357.73211339348074,"mean_second_ratio":0.48626834381551426},"10":{"success_ratio":0.944,"success_rate":343.0731210982217,"mean_second_ratio":0.4911016949152552},"11":{"success_ratio":0.916,"success_rate":340.92600863902607,"mean_second_ratio":0.5044759825327515},"12":{"success_ratio":0.916,"success_rate":334.16022180195415,"mean_second_ratio":0.5151746724890831},"13":{"success_ratio":0.91,"success_rate":329.9970989251986,"mean_second_ratio":0.523076923076923},"14":{"success_ratio":0.872,"success_rate":318.5504493333899,"mean_second_ratio":0.5284403669724769},"15":{"success_ratio":0.828,"success_rate":307.00778643100915,"mean_second_ratio":0.5461352657004822},"16":{"success_ratio":0.856,"success_rate":308.1131667985743,"mean_second_ratio":0.5641355140186904},"17":{"success_ratio":0.822,"success_rate":298.4966228477917,"mean_second_ratio":0.5671532846715319},"18":{"success_ratio":0.766,"success_rate":282.9909856611739,"mean_second_ratio":0.5817232375979097},"19":{"success_ratio":0.774,"success_rate":291.83319508848166,"mean_second_ratio":0.5879844961240295},"20":{"success_ratio":0.724,"success_rate":273.6412427244815,"mean_second_ratio":0.5964088397790039},"21":{"success_ratio":0.686,"success_rate":270.3128694154157,"mean_second_ratio":0.612827988338191},"22":{"success_ratio":0.642,"success_rate":249.55298141821137,"mean_second_ratio":0.6152647975077861},"23":{"success_ratio":0.57,"success_rate":227.59942500885577,"mean_second_ratio":0.6152631578947348},"24":{"success_ratio":0.514,"success_rate":207.15782685962816,"mean_second_ratio":0.6239299610894923},"25":{"success_ratio":0.526,"success_rate":219.2032005330309,"mean_second_ratio":0.6336501901140665},"26":{"success_ratio":0.588,"success_rate":228.8828337858894,"mean_second_ratio":0.6266439909297029},"27":{"success_ratio":0.546,"success_rate":214.3361859166257,"mean_second_ratio":0.6439560439560421},"28":{"success_ratio":0.47,"success_rate":195.89863287882736,"mean_second_ratio":0.6468085106382959},"29":{"success_ratio":0.428,"success_rate":183.2348659987428,"mean_second_ratio":0.6537383177570074},"30":{"success_ratio":0.366,"success_rate":160.9923462651163,"mean_second_ratio":0.6659640905542522},"31":{"success_ratio":0.458,"success_rate":176.57490939719395,"mean_second_ratio":0.6513828238719046},"32":{"success_ratio":0.344,"success_rate":147.7917167886378,"mean_second_ratio":0.6709302325581373},"33":{"success_ratio":0.326,"success_rate":139.81815062762593,"mean_second_ratio":0.6782208588957036},"34":{"success_ratio":0.336,"success_rate":143.9095425725336,"mean_second_ratio":0.6910714285714267},"35":{"success_ratio":0.246,"success_rate":110.61151079199222,"mean_second_ratio":0.6975609756097549},"36":{"success_ratio":0.228,"success_rate":110.08111239830261,"mean_second_ratio":0.6868421052631571},"37":{"success_ratio":0.208,"success_rate":94.65732228978248,"mean_second_ratio":0.6956730769230764},"38":{"success_ratio":0.184,"success_rate":88.00459154367927,"mean_second_ratio":0.7094202898550721},"39":{"success_ratio":0.24,"success_rate":105.90415673755571,"mean_second_ratio":0.6934722222222214},"40":{"success_ratio":0.146,"success_rate":71.10851353901131,"mean_second_ratio":0.716634050880626},"41":{"success_ratio":0.15,"success_rate":68.52444038332871,"mean_second_ratio":0.725333333333333},"42":{"success_ratio":0.148,"success_rate":70.17543859659969,"mean_second_ratio":0.7297297297297295},"43":{"success_ratio":0.114,"success_rate":54.39969459819126,"mean_second_ratio":0.7157894736842109},"44":{"success_ratio":0.044,"success_rate":22.94056308648722,"mean_second_ratio":0.7545454545454547},"45":{"success_ratio":0.086,"success_rate":41.75162637173212,"mean_second_ratio":0.7395348837209308},"46":{"success_ratio":0.062,"success_rate":28.603063295994147,"mean_second_ratio":0.7419354838709681},"47":{"success_ratio":0.084,"success_rate":42.98874104469868,"mean_second_ratio":0.7523809523809529},"48":{"success_ratio":0.038,"success_rate":19.783423573287536,"mean_second_ratio":0.7473684210526317},"49":{"success_ratio":0.034,"success_rate":17.013610888862413,"mean_second_ratio":0.7361344537815127},"50":{"success_ratio":0.026,"success_rate":13.261246557235589,"mean_second_ratio":0.7846153846153847},"51":{"success_ratio":0.038,"success_rate":18.513105329866747,"mean_second_ratio":0.7473684210526317},"52":{"success_ratio":0.02,"success_rate":10.228086324863956,"mean_second_ratio":0.7799999999999999},"53":{"success_ratio":0.044,"success_rate":21.6599389585882,"mean_second_ratio":0.7818181818181821},"54":{"success_ratio":0.012,"success_rate":6.335128286412586,"mean_second_ratio":0.7666666666666666},"55":{"success_ratio":0.008,"success_rate":4.113110539830987,"mean_second_ratio":0.7500000000000001},"56":{"success_ratio":0.002,"success_rate":1.0363768266230098,"mean_second_ratio":0.8},"57":{"success_ratio":0.024,"success_rate":12.237405670237964,"mean_second_ratio":0.7666666666666666},"58":{"success_ratio":0.01,"success_rate":4.9198071434752135,"mean_second_ratio":0.8},"59":{"success_ratio":0.004,"success_rate":2.05528722638379,"mean_second_ratio":0.7},"60":{"success_ratio":0.006,"success_rate":3.1120331949974465,"mean_second_ratio":0.7333333333333334},"61":{"success_ratio":0.004,"success_rate":1.942313295108681,"mean_second_ratio":0.8},"62":{"success_ratio":0.004,"success_rate":1.921783414986427,"mean_second_ratio":0.8},"63":{"success_ratio":0.006,"success_rate":3.1387319523041195,"mean_second_ratio":0.8000000000000002},"64":{"success_ratio":0,"success_rate":0,"mean_second_ratio":null},"65":{"success_ratio":0.004,"success_rate":1.8812905653288863,"mean_second_ratio":0.7285714285714285},"66":{"success_ratio":0.006,"success_rate":2.8988308049122087,"mean_second_ratio":0.8000000000000002},"67":{"success_ratio":0,"success_rate":0,"mean_second_ratio":null},"68":{"success_ratio":0.006,"success_rate":2.701485817175671,"mean_second_ratio":0.8000000000000002},"69":{"success_ratio":0.004,"success_rate":1.847233767434937,"mean_second_ratio":0.8},"70":{"success_ratio":0,"success_rate":0,"mean_second_ratio":null},"71":{"success_ratio":0.002,"success_rate":1.0129659643403013,"mean_second_ratio":0.8},"72":{"success_ratio":0.002,"success_rate":0.9884353069064785,"mean_second_ratio":0.6},"74":{"success_ratio":0.002,"success_rate":0.9842519685007791,"mean_second_ratio":0.8},"76":{"success_ratio":0.002,"success_rate":0.9626492106189737,"mean_second_ratio":0.8},"77":{"success_ratio":0.002,"success_rate":0.9489466692023908,"mean_second_ratio":0.8},"78":{"success_ratio":0,"success_rate":0,"mean_second_ratio":null},"80":{"success_ratio":0,"success_rate":0,"mean_second_ratio":null},"96":{"success_ratio":0,"success_rate":0,"mean_second_ratio":null},"128":{"success_ratio":0,"success_rate":0,"mean_second_ratio":null},"256":{"success_ratio":0,"success_rate":0,"mean_second_ratio":null}},"options":{"interval":[1,256],"min_step_width":1,"length":80,"integer":true,"configuration":{"probe_length":256,"page_size":10000,"repetitions":500,"min_iterations":3,"max_cache_hit_number":3}},"worker":true}