{"method_name":"min_iterations","test_results":{"1":{"success_ratio":0,"success_rate":0,"mean_second_ratio":null},"2":{"success_ratio":0.06,"success_rate":17.771459036774296,"mean_second_ratio":0.561111111111111},"3":{"success_ratio":0.072,"success_rate":22.799240025336694,"mean_second_ratio":0.46111111111111114},"4":{"success_ratio":0.216,"success_rate":38.88108867050054,"mean_second_ratio":0.3921516754850083},"5":{"success_ratio":0.044,"success_rate":7.582023711057855,"mean_second_ratio":0.3668831168831167},"6":{"success_ratio":0.156,"success_rate":23.412174330655375,"mean_second_ratio":0.34805148555148524},"7":{"success_ratio":0.35,"success_rate":33.77726307663448,"mean_second_ratio":0.329966810966811},"8":{"success_ratio":0.116,"success_rate":14.190991167329015,"mean_second_ratio":0.27643678160919544},"9":{"success_ratio":0.24,"success_rate":20.717158986933672,"mean_second_ratio":0.2886742424242423},"10":{"success_ratio":0.026,"success_rate":2.274397284719577,"mean_second_ratio":0.2905684059530213},"11":{"success_ratio":0.38,"success_rate":24.550975578241562,"mean_second_ratio":0.2615651891967681},"12":{"success_ratio":0.242,"success_rate":18.55230677235833,"mean_second_ratio":0.2674658674658671},"13":{"success_ratio":0.188,"success_rate":11.938327110160984,"mean_second_ratio":0.23036347517730502},"14":{"success_ratio":0.562,"success_rate":25.99108348594884,"mean_second_ratio":0.22847587183715362},"15":{"success_ratio":0.22,"success_rate":13.81354229455786,"mean_second_ratio":0.22063502673796778},"16":{"success_ratio":0.096,"success_rate":6.689708997658917,"mean_second_ratio":0.23244494252379314},"24":{"success_ratio":0.082,"success_rate":3.602147231179138,"mean_second_ratio":0.17691195886317845},"32":{"success_ratio":0.066,"success_rate":2.387170046079722,"mean_second_ratio":0.18719278344946785},"47":{"success_ratio":0.056,"success_rate":1.3598570207475889,"mean_second_ratio":0.16229671959969397},"51":{"success_ratio":0.062,"success_rate":1.3593510195132508,"mean_second_ratio":0.13986458387840364},"53":{"success_ratio":0.068,"success_rate":1.4059230711976036,"mean_second_ratio":0.14479104773222415},"54":{"success_ratio":0.118,"success_rate":2.213975060884303,"mean_second_ratio":0.13070445760008648},"55":{"success_ratio":0.13,"success_rate":2.6241738898736306,"mean_second_ratio":0.13441008779484281},"56":{"success_ratio":0.132,"success_rate":2.4864657150284075,"mean_second_ratio":0.13874485063232797},"57":{"success_ratio":0.108,"success_rate":2.1404958022498457,"mean_second_ratio":0.1243855547694485},"58":{"success_ratio":0.04,"success_rate":0.8042334850653458,"mean_second_ratio":0.13947106954997077},"59":{"success_ratio":0.044,"success_rate":0.8533581582979769,"mean_second_ratio":0.12461452342357955},"63":{"success_ratio":0.03,"success_rate":0.5575669266167321,"mean_second_ratio":0.15240384615384614},"64":{"success_ratio":0.464,"success_rate":4.36341203775114,"mean_second_ratio":0.12358274760226456},"65":{"success_ratio":0.078,"success_rate":1.3397780090898765,"mean_second_ratio":0.13184240176203438},"66":{"success_ratio":0.134,"success_rate":1.7065933086259275,"mean_second_ratio":0.12307760707312555},"67":{"success_ratio":0.21,"success_rate":2.0643162296541484,"mean_second_ratio":0.13414536482990336},"68":{"success_ratio":0.198,"success_rate":1.58338184772665,"mean_second_ratio":0.1677262082328879},"69":{"success_ratio":0.186,"success_rate":1.3579972898462558,"mean_second_ratio":0.1500186172355935},"70":{"success_ratio":0.1,"success_rate":1.2994235757018078,"mean_second_ratio":0.12435408646705191},"71":{"success_ratio":0.12,"success_rate":1.317456518445508,"mean_second_ratio":0.1298630698447407},"72":{"success_ratio":0.178,"success_rate":2.2415708122294427,"mean_second_ratio":0.1277832388337237},"74":{"success_ratio":0.178,"success_rate":1.796771061084124,"mean_second_ratio":0.11834257675771576},"76":{"success_ratio":0,"success_rate":0,"mean_second_ratio":null},"78":{"success_ratio":0.196,"success_rate":2.182506541951996,"mean_second_ratio":0.13182463201299857},"86":{"success_ratio":0.208,"success_rate":2.1648490954470083,"mean_second_ratio":0.12147975135873625},"87":{"success_ratio":0,"success_rate":0,"mean_second_ratio":null},"88":{"success_ratio":0.01,"success_rate":0.14012706722456142,"mean_second_ratio":0.12942091616248919},"89":{"success_ratio":0.008,"success_rate":0.1026807373503781,"mean_second_ratio":0.13516483516483516},"90":{"success_ratio":0.188,"success_rate":1.7196778714046579,"mean_second_ratio":0.11494054864712276},"91":{"success_ratio":0.114,"success_rate":1.1062075711174846,"mean_second_ratio":0.1237814243987394},"92":{"success_ratio":0.112,"success_rate":1.2376839397247719,"mean_second_ratio":0.12023514647306617},"93":{"success_ratio":0.168,"success_rate":1.2080838064994894,"mean_second_ratio":0.13473357166079236},"94":{"success_ratio":0.08,"success_rate":0.8380666640127885,"mean_second_ratio":0.1107044956140351},"95":{"success_ratio":0.11,"success_rate":0.7010861736883742,"mean_second_ratio":0.13682946269303212},"97":{"success_ratio":0.11,"success_rate":0.9555562118971868,"mean_second_ratio":0.1206810951355067},"98":{"success_ratio":0.088,"success_rate":0.7187017632694451,"mean_second_ratio":0.12339595323168683},"99":{"success_ratio":0.232,"success_rate":1.5021275824292548,"mean_second_ratio":0.10959660874809583},"100":{"success_ratio":0.13,"success_rate":1.0778274315372223,"mean_second_ratio":0.12325352806773895},"101":{"success_ratio":0.176,"success_rate":1.4128942657364796,"mean_second_ratio":0.11339137231882034},"102":{"success_ratio":0.284,"success_rate":1.6977502418098382,"mean_second_ratio":0.12308344752873442},"103":{"success_ratio":0.074,"success_rate":0.6421437187063511,"mean_second_ratio":0.1261756261756262},"104":{"success_ratio":0.108,"success_rate":0.7562410896593804,"mean_second_ratio":0.11837875611460517},"105":{"success_ratio":0.414,"success_rate":2.165201756009991,"mean_second_ratio":0.10732802477244277},"106":{"success_ratio":0.216,"success_rate":1.2487859025946997,"mean_second_ratio":0.10966927262250431},"107":{"success_ratio":0.07,"success_rate":0.6238314300533424,"mean_second_ratio":0.10861723393833485},"108":{"success_ratio":0.146,"success_rate":0.7768858371583516,"mean_second_ratio":0.13630311930814987},"109":{"success_ratio":0.116,"success_rate":1.0753465675123184,"mean_second_ratio":0.10862995000530591},"111":{"success_ratio":0.108,"success_rate":0.4991380625124207,"mean_second_ratio":0.17900017891539216},"112":{"success_ratio":0.274,"success_rate":1.3174939150052905,"mean_second_ratio":0.14632194354887873},"113":{"success_ratio":0.142,"success_rate":1.2024665807439412,"mean_second_ratio":0.10209014753829436},"114":{"success_ratio":0.09,"success_rate":0.8368994548994682,"mean_second_ratio":0.18969913903447133},"115":{"success_ratio":0.086,"success_rate":0.7406935303003904,"mean_second_ratio":0.1428826404424311},"116":{"success_ratio":0.008,"success_rate":0.06262103471866737,"mean_second_ratio":0.16990801100970593},"117":{"success_ratio":0.05,"success_rate":0.4702704431264268,"mean_second_ratio":0.11622241147474544},"118":{"success_ratio":0.078,"success_rate":0.648040756778676,"mean_second_ratio":0.12335730031699502},"119":{"success_ratio":0.198,"success_rate":1.1048453607096782,"mean_second_ratio":0.10679564789421568},"120":{"success_ratio":0.188,"success_rate":1.0795650960525691,"mean_second_ratio":0.11160898778639884},"121":{"success_ratio":0.336,"success_rate":1.828117756899502,"mean_second_ratio":0.10951124108654217},"122":{"success_ratio":0.132,"success_rate":0.9810041915633606,"mean_second_ratio":0.1147853012590989},"123":{"success_ratio":0.04,"success_rate":0.27013629726878546,"mean_second_ratio":0.10511290322580644},"124":{"success_ratio":0.06,"success_rate":0.39926747726837114,"mean_second_ratio":0.13709544640253304},"125":{"success_ratio":0.012,"success_rate":0.11210448137664145,"mean_second_ratio":0.11640211640211641},"250":{"success_ratio":0.006,"success_rate":0.025647580022586866,