{"method_name":"sweepMaxCacheHitNumber","display_data":{"2":{"success_ratio":0.01,"success_rate":0.11588828369450754,"mean_second_ratio":0.5333333333333333},"3":{"success_ratio":0.036,"success_rate":0.4040086637413289,"mean_second_ratio":0.4324074074074075},"4":{"success_ratio":0.048,"success_rate":0.5451410893281674,"mean_second_ratio":0.5243055555555555},"5":{"success_ratio":0.054,"success_rate":0.6097478353952087,"mean_second_ratio":0.5678130511463844},"6":{"success_ratio":0.1,"success_rate":1.344017375456629,"mean_second_ratio":0.5617619047619048},"7":{"success_ratio":0.07,"success_rate":0.8112631134887717,"mean_second_ratio":0.6144217687074831},"8":{"success_ratio":0.076,"success_rate":0.9096305942282316,"mean_second_ratio":0.5983709273182958},"9":{"success_ratio":0.062,"success_rate":0.728849264567566,"mean_second_ratio":0.5801075268817206},"10":{"success_ratio":0.118,"success_rate":1.6490534712574103,"mean_second_ratio":0.6298224374495563},"11":{"success_ratio":0.044,"success_rate":0.5273490403446209,"mean_second_ratio":0.6373376623376624},"12":{"success_ratio":0.058,"success_rate":0.692965918024412,"mean_second_ratio":0.6095238095238096},"13":{"success_ratio":0.048,"success_rate":0.5990131258752074,"mean_second_ratio":0.6335317460317459},"14":{"success_ratio":0.086,"success_rate":1.1416131258958906,"mean_second_ratio":0.6633259505352533},"15":{"success_ratio":0.028,"success_rate":0.31962959496081234,"mean_second_ratio":0.624829931972789},"16":{"success_ratio":0.038,"success_rate":0.4657901639826527,"mean_second_ratio":0.6763157894736842},"17":{"success_ratio":0.028,"success_rate":0.3235378400613791,"mean_second_ratio":0.6520408163265305},"18":{"success_ratio":0.026,"success_rate":0.32555996313660246,"mean_second_ratio":0.6576923076923078},"19":{"success_ratio":0.038,"success_rate":0.4319782101096822,"mean_second_ratio":0.6840852130325814},"20":{"success_ratio":0.046,"success_rate":0.5605668061584179,"mean_second_ratio":0.6891304347826086},"21":{"success_ratio":0.016,"success_rate":0.17481829823127482,"mean_second_ratio":0.7249999999999999},"22":{"success_ratio":0.028,"success_rate":0.3672468292171679,"mean_second_ratio":0.7477324263038548},"23":{"success_ratio":0.016,"success_rate":0.1969633180440272,"mean_second_ratio":0.725},"24":{"success_ratio":0.02,"success_rate":0.26526254360248924,"mean_second_ratio":0.6919047619047618},"25":{"success_ratio":0.016,"success_rate":0.1871056164428386,"mean_second_ratio":0.6880952380952381},"26":{"success_ratio":0.008,"success_rate":0.09896458304984161,"mean_second_ratio":0.7333333333333334},"27":{"success_ratio":0.02,"success_rate":0.24268840507607561,"mean_second_ratio":0.7335714285714284},"28":{"success_ratio":0.03,"success_rate":0.38804611022577984,"mean_second_ratio":0.7047619047619046},"29":{"success_ratio":0.018,"success_rate":0.2186456119040463,"mean_second_ratio":0.7370370370370369},"30":{"success_ratio":0.018,"success_rate":0.24596817171857194,"mean_second_ratio":0.7738095238095237},"31":{"success_ratio":0.006,"success_rate":0.07018528916339364,"mean_second_ratio":0.7333333333333334},"32":{"success_ratio":0.01,"success_rate":0.1334354559355918,"mean_second_ratio":0.6757142857142858},"33":{"success_ratio":0.006,"success_rate":0.07168852768490469,"mean_second_ratio":0.7333333333333334},"34":{"success_ratio":0.004,"success_rate":0.056420195044608455,"mean_second_ratio":0.8},"35":{"success_ratio":0.002,"success_rate":0.02562558458364633,"mean_second_ratio":0.8},"36":{"success_ratio":0.006,"success_rate":0.07017067848029114,"mean_second_ratio":0.7333333333333334},"37":{"success_ratio":0,"success_rate":0,"mean_second_ratio":null},"38":{"success_ratio":0.004,"success_rate":0.04470172772177482,"mean_second_ratio":0.8285714285714285},"39":{"success_ratio":0,"success_rate":0,"mean_second_ratio":null},"40":{"success_ratio":0.002,"success_rate":0.02065752915293901,"mean_second_ratio":0.8},"41":{"success_ratio":0.002,"success_rate":0.020851013254988095,"mean_second_ratio":0.6},"42":{"success_ratio":0.002,"success_rate":0.023224326088115577,"mean_second_ratio":0.8},"43":{"success_ratio":0,"success_rate":0,"mean_second_ratio":null},"44":{"success_ratio":0,"success_rate":0,"mean_second_ratio":null},"45":{"success_ratio":0.002,"success_rate":0.020592529442168456,"mean_second_ratio":0.8},"46":{"success_ratio":0,"success_rate":0,"mean_second_ratio":null},"47":{"success_ratio":0,"success_rate":0,"mean_second_ratio":null},"48":{"success_ratio":0,"success_rate":0,"mean_second_ratio":null},"49":{"success_ratio":0.002,"success_rate":0.020493189088603782,"mean_second_ratio":0.8},"50":{"success_ratio":0,"success_rate":0,"mean_second_ratio":null},"51":{"success_ratio":0,"success_rate":0,"mean_second_ratio":null},"52":{"success_ratio":0,"success_rate":0,"mean_second_ratio":null},"53":{"success_ratio":0,"success_rate":0,"mean_second_ratio":null},"54":{"success_ratio":0,"success_rate":0,"mean_second_ratio":null},"55":{"success_ratio":0,"success_rate":0,"mean_second_ratio":null},"56":{"success_ratio":0,"success_rate":0,"mean_second_ratio":null},"57":{"success_ratio":0,"success_rate":0,"mean_second_ratio":null},"58":{"success_ratio":0,"success_rate":0,"mean_second_ratio":null},"59":{"success_ratio":0,"success_rate":0,"mean_second_ratio":null},"60":{"success_ratio":0,"success_rate":0,"mean_second_ratio":null},"61":{"success_ratio":0,"success_rate":0,"mean_second_ratio":null},"62":{"success_ratio":0,"success_rate":0,"mean_second_ratio":null},"63":{"success_ratio":0,"success_rate":0,"mean_second_ratio":null},"64":{"success_ratio":0,"success_rate":0,"mean_second_ratio":null},"65":{"success_ratio":0,"success_rate":0,"mean_second_ratio":null},"66":{"success_ratio":0,"success_rate":0,"mean_second_ratio":null},"67":{"success_ratio":0,"success_rate":0,"mean_second_ratio":null},"68":{"success_ratio":0,"success_rate":0,"mean_second_ratio":null},"69":{"success_ratio":0,"success_rate":0,"mean_second_ratio":null},"70":{"success_ratio":0,"success_rate":0,"mean_second_ratio":null},"71":{"success_ratio":0,"success_rate":0,"mean_second_ratio":null},"72":{"success_ratio":0,"success_rate":0,"mean_second_ratio":null},"73":{"success_ratio":0,"success_rate":0,"mean_second_ratio":null},"74":{"success_ratio":0,"success_rate":0,"mean_second_ratio":null},"75":{"success_ratio":0,"success_rate":0,"mean_second_ratio":null},"76":{"success_ratio":0,"success_rate":0,"mean_second_ratio":null},"78":{"success_ratio":0,"success_rate":0,"mean_second_ratio":null},"82":{"success_ratio":0,"success_rate":0,"mean_second_ratio":null},"98":{"success_ratio":0,"success_rate":0,"mean_second_ratio":null},"130":{"success_ratio":0,"success_rate":0,"mean_second_ratio":null},"258":{"success_ratio":0,"success_rate":0,"mean_second_ratio":null}},"parameters":[500,3,75],"worker":true}