{"method_name":"sweepMaxCacheHitNumber","display_data":{"2":{"success_ratio":0.99,"success_rate":400.84217345669333,"mean_second_ratio":0.26616161616161615},"6":{"success_ratio":0.992,"success_rate":351.9477754915415,"mean_second_ratio":0.38387096774193596},"8":{"success_ratio":0.99,"success_rate":352.46368555980985,"mean_second_ratio":0.4388888888888895},"9":{"success_ratio":0.982,"success_rate":346.0914922089187,"mean_second_ratio":0.4548879837067217},"10":{"success_ratio":0.978,"success_rate":371.77830152759594,"mean_second_ratio":0.4768916155419228},"11":{"success_ratio":0.972,"success_rate":346.2771642321903,"mean_second_ratio":0.47530864197530953},"12":{"success_ratio":0.966,"success_rate":335.95325867823425,"mean_second_ratio":0.4887163561076613},"13":{"success_ratio":0.954,"success_rate":309.3385214005213,"mean_second_ratio":0.49308176100628986},"14":{"success_ratio":0.954,"success_rate":341.1529108864013,"mean_second_ratio":0.5069182389937112},"15":{"success_ratio":0.922,"success_rate":322.6935461292405,"mean_second_ratio":0.5183297180043384},"16":{"success_ratio":0.89,"success_rate":321.9272227452865,"mean_second_ratio":0.5271910112359547},"17":{"success_ratio":0.91,"success_rate":314.83531691390334,"mean_second_ratio":0.5250549450549449},"18":{"success_ratio":0.878,"success_rate":320.2275877173987,"mean_second_ratio":0.563553530751707},"19":{"success_ratio":0.882,"success_rate":304.410851109245,"mean_second_ratio":0.5546485260770964},"20":{"success_ratio":0.808,"success_rate":297.45251067536935,"mean_second_ratio":0.5686881188118796},"21":{"success_ratio":0.788,"success_rate":283.49402791677414,"mean_second_ratio":0.5815989847715719},"22":{"success_ratio":0.74,"success_rate":278.61445782951796,"mean_second_ratio":0.5983783783783764},"23":{"success_ratio":0.78,"success_rate":264.78375992796373,"mean_second_ratio":0.5948717948717932},"24":{"success_ratio":0.728,"success_rate":256.9351309378085,"mean_second_ratio":0.5975274725274703},"25":{"success_ratio":0.704,"success_rate":259.74025973922,"mean_second_ratio":0.5960227272727251},"26":{"success_ratio":0.674,"success_rate":244.3977083163429,"mean_second_ratio":0.6161721068249234},"27":{"success_ratio":0.658,"success_rate":240.65540194517533,"mean_second_ratio":0.6202127659574446},"28":{"success_ratio":0.594,"success_rate":233.12401883740986,"mean_second_ratio":0.6276094276094256},"29":{"success_ratio":0.536,"success_rate":201.1407985590932,"mean_second_ratio":0.644029850746267},"30":{"success_ratio":0.494,"success_rate":206.22860482518269,"mean_second_ratio":0.6402834008097142},"31":{"success_ratio":0.522,"success_rate":208.08419038499036,"mean_second_ratio":0.6446360153256685},"32":{"success_ratio":0.438,"success_rate":172.413793103581,"mean_second_ratio":0.6466405740378321},"33":{"success_ratio":0.488,"success_rate":190.61010858473287,"mean_second_ratio":0.6422131147540964},"34":{"success_ratio":0.36,"success_rate":153.74103177220798,"mean_second_ratio":0.6663888888888871},"35":{"success_ratio":0.48,"success_rate":177.59360663021945,"mean_second_ratio":0.6479166666666649},"36":{"success_ratio":0.476,"success_rate":180.26206165372915,"mean_second_ratio":0.6548319327731075},"37":{"success_ratio":0.434,"success_rate":160.07671879493932,"mean_second_ratio":0.660829493087556},"38":{"success_ratio":0.324,"success_rate":142.70613107768847,"mean_second_ratio":0.6709876543209857},"39":{"success_ratio":0.308,"success_rate":126.95795548192199,"mean_second_ratio":0.6731447124304248},"40":{"success_ratio":0.25,"success_rate":107.0297114478638,"mean_second_ratio":0.6759999999999989},"41":{"success_ratio":0.316,"success_rate":119.45263476184398,"mean_second_ratio":0.6863924050632896},"42":{"success_ratio":0.24,"success_rate":101.1548512192106,"mean_second_ratio":0.6845833333333324},"43":{"success_ratio":0.274,"success_rate":113.48575215333271,"mean_second_ratio":0.6890510948905095},"44":{"success_ratio":0.22,"success_rate":95.37847914634943,"mean_second_ratio":0.7254545454545447},"45":{"success_ratio":0.18,"success_rate":79.90056818123021,"mean_second_ratio":0.7044444444444439},"46":{"success_ratio":0.144,"success_rate":65.52602839506078,"mean_second_ratio":0.7326388888888885},"47":{"success_ratio":0.158,"success_rate":67.05143439173874,"mean_second_ratio":0.7063291139240503},"48":{"success_ratio":0.182,"success_rate":79.05481713124921,"mean_second_ratio":0.7032967032967032},"49":{"success_ratio":0.152,"success_rate":65.25845783939414,"mean_second_ratio":0.7177631578947367},"50":{"success_ratio":0.102,"success_rate":47.88282790316504,"mean_second_ratio":0.7539215686274511},"51":{"success_ratio":0.194,"success_rate":81.38949488165657,"mean_second_ratio":0.7046391752577311},"52":{"success_ratio":0.094,"success_rate":41.57820240642828,"mean_second_ratio":0.7489361702127662},"53":{"success_ratio":0.086,"success_rate":40.69272262700791,"mean_second_ratio":0.7488372093023261},"54":{"success_ratio":0.06,"success_rate":27.990296697390033,"mean_second_ratio":0.7733333333333338},"55":{"success_ratio":0.142,"success_rate":61.333794056355636,"mean_second_ratio":0.7464788732394361},"56":{"success_ratio":0.08,"success_rate":34.15592178316388,"mean_second_ratio":0.7375000000000005},"57":{"success_ratio":0.116,"success_rate":50.71259945787605,"mean_second_ratio":0.7241379310344829},"58":{"success_ratio":0.028,"success_rate":13.653208504016732,"mean_second_ratio":0.7535714285714284},"59":{"success_ratio":0.04,"success_rate":17.473353136472575,"mean_second_ratio":0.7500000000000002},"60":{"success_ratio":0.038,"success_rate":17.53090976206093,"mean_second_ratio":0.7894736842105265},"62":{"success_ratio":0.036,"success_rate":15.988630307210691,"mean_second_ratio":0.7666666666666668},"63":{"success_ratio":0.05,"success_rate":21.61134163187234,"mean_second_ratio":0.7340000000000002},"64":{"success_ratio":0.044,"success_rate":20.001818347367617,"mean_second_ratio":0.6909090909090909},"65":{"success_ratio":0.052,"success_rate":22.654003659466245,"mean_second_ratio":0.675},"66":{"success_ratio":0.006,"success_rate":2.8615032430378986,"mean_second_ratio":0.8000000000000002},"70":{"success_ratio":0.022,"success_rate":9.304686178345891,"mean_second_ratio":0.7818181818181817},"74":{"success_ratio":0.058,"success_rate":26.58842944896183,"mean_second_ratio":0.7862068965517245},"78":{"success_ratio":0.054,"success_rate":22.679546409129482,"mean_second_ratio":0.7425925925925928},"82":{"success_ratio":0.02,"success_rate":8.980691513192063,"mean_second_ratio":0.7999999999999999},"90":{"success_ratio":0.006,"success_rate":2.7530512985305875,"mean_second_ratio":0.8000000000000002},"94":{"success_ratio":0,"success_rate":0,"mean_second_ratio":null},"96":{"success_ratio":0.014,"success_rate":6.489292667110071,"mean_second_ratio":0.7999999999999999},"97":{"success_ratio":0.028,"success_rate":12.652507907881338,"mean_second_ratio":0.7535714285714287},"98":{"success_ratio":0.044,"success_rate":19.672717517883143,"mean_second_ratio":0.7772727272727274},"99":{"success_ratio":0.002,"success_rate":0.8994423457466361,"mean_second_ratio":0.8},"100":{"success_ratio":0.026,"success_rate":11.56789464316248,"mean_second_ratio":0.8},"101":{"success_ratio":0,"success_rate":0,"mean_second_ratio":null},"102":{"success_ratio":0.002,"success_rate":0.9218289085572037,"mean_second_ratio":0.8},"106":{"success_ratio":0.002,"success_rate":0.9541984732735391,"mean_second_ratio":0.8},"110":{"success_ratio":0.006,"success_rate":2.6331958220068863,"mean_second_ratio":0.8000000000000002},"114":{"success_ratio":0.018,"success_rate":8.255365987846641,"mean_second_ratio":0.7999999999999999},"118":{"success_ratio":0.012,"success_rate":5.388898868391978,"mean_second_ratio":0.7999999999999999},"122":{"success_ratio":0.002,"success_rate":0.9732360097218847,"mean_second_ratio":0.8},"130":{"success_ratio":0,"success_rate":0,"mean_second_ratio":null},"258":{"success_ratio":0,"success_rate":0,"mean_second_ratio":null}},"parameters":[500,3,3,5000,256],"worker":true}