{"method_name":"max_cache_hit_number","test_results":{"1":{"success_ratio":0,"success_rate":0,"mean_second_ratio":null},"2":{"success_ratio":0.208,"success_rate":39.166949120621474,"mean_second_ratio":0.39567307692307685},"3":{"success_ratio":0.002,"success_rate":0.45495905368510203,"mean_second_ratio":0.4},"4":{"success_ratio":0.166,"success_rate":31.241766100807087,"mean_second_ratio":0.5092369477911648},"5":{"success_ratio":0.09,"success_rate":20.880701591573985,"mean_second_ratio":0.5007407407407408},"6":{"success_ratio":0.164,"success_rate":26.972796947467362,"mean_second_ratio":0.5126016260162604},"7":{"success_ratio":0.116,"success_rate":14.42893748290061,"mean_second_ratio":0.5189655172413792},"8":{"success_ratio":0.184,"success_rate":42.679532380774674,"mean_second_ratio":0.5752717391304352},"9":{"success_ratio":0.054,"success_rate":9.105625252932347,"mean_second_ratio":0.6333333333333334},"10":{"success_ratio":0.146,"success_rate":35.6706572196367,"mean_second_ratio":0.6659817351598176},"11":{"success_ratio":0.026,"success_rate":4.2345276872968185,"mean_second_ratio":0.6076923076923078},"12":{"success_ratio":0.072,"success_rate":18.200202224476925,"mean_second_ratio":0.6750000000000003},"13":{"success_ratio":0,"success_rate":0,"mean_second_ratio":null},"14":{"success_ratio":0.054,"success_rate":11.3876001687091,"mean_second_ratio":0.6469135802469137},"15":{"success_ratio":0.078,"success_rate":19.693985759740727,"mean_second_ratio":0.6119658119658122},"16":{"success_ratio":0.084,"success_rate":16.378100140388213,"mean_second_ratio":0.6190476190476194},"17":{"success_ratio":0.05,"success_rate":7.759637469738983,"mean_second_ratio":0.6119999999999999},"18":{"success_ratio":0.16,"success_rate":31.762417119959014,"mean_second_ratio":0.6325000000000004},"19":{"success_ratio":0.026,"success_rate":5.849005669038508,"mean_second_ratio":0.6423076923076922},"20":{"success_ratio":0,"success_rate":0,"mean_second_ratio":null},"21":{"success_ratio":0,"success_rate":0,"mean_second_ratio":null},"22":{"success_ratio":0,"success_rate":0,"mean_second_ratio":null},"23":{"success_ratio":0.044,"success_rate":6.821493907166396,"mean_second_ratio":0.6477272727272727},"24":{"success_ratio":0,"success_rate":0,"mean_second_ratio":null},"25":{"success_ratio":0.028,"success_rate":4.473558076371317,"mean_second_ratio":0.6964285714285714},"26":{"success_ratio":0.01,"success_rate":2.2456770716364236,"mean_second_ratio":0.7200000000000001},"27":{"success_ratio":0.04,"success_rate":8.766546857186544,"mean_second_ratio":0.6914285714285715},"28":{"success_ratio":0.034,"success_rate":7.661799170720994,"mean_second_ratio":0.723529411764706},"29":{"success_ratio":0.002,"success_rate":0.5076399817249472,"mean_second_ratio":0.6},"30":{"success_ratio":0.012,"success_rate":2.845759817870044,"mean_second_ratio":0.7999999999999999},"31":{"success_ratio":0,"success_rate":0,"mean_second_ratio":null},"32":{"success_ratio":0.002,"success_rate":0.6236357966950189,"mean_second_ratio":0.8},"33":{"success_ratio":0,"success_rate":0,"mean_second_ratio":null},"34":{"success_ratio":0.004,"success_rate":0.6650262685375152,"mean_second_ratio":0.8},"35":{"success_ratio":0,"success_rate":0,"mean_second_ratio":null},"36":{"success_ratio":0,"success_rate":0,"mean_second_ratio":null},"37":{"success_ratio":0,"success_rate":0,"mean_second_ratio":null},"38":{"success_ratio":0,"success_rate":0,"mean_second_ratio":null},"39":{"success_ratio":0,"success_rate":0,"mean_second_ratio":null},"40":{"success_ratio":0,"success_rate":0,"mean_second_ratio":null},"41":{"success_ratio":0,"success_rate":0,"mean_second_ratio":null},"42":{"success_ratio":0,"success_rate":0,"mean_second_ratio":null},"43":{"success_ratio":0,"success_rate":0,"mean_second_ratio":null},"44":{"success_ratio":0,"success_rate":0,"mean_second_ratio":null},"45":{"success_ratio":0,"success_rate":0,"mean_second_ratio":null},"46":{"success_ratio":0,"success_rate":0,"mean_second_ratio":null},"47":{"success_ratio":0,"success_rate":0,"mean_second_ratio":null},"48":{"success_ratio":0,"success_rate":0,"mean_second_ratio":null},"49":{"success_ratio":0,"success_rate":0,"mean_second_ratio":null},"50":{"success_ratio":0,"success_rate":0,"mean_second_ratio":null},"51":{"success_ratio":0,"success_rate":0,"mean_second_ratio":null},"52":{"success_ratio":0,"success_rate":0,"mean_second_ratio":null},"53":{"success_ratio":0,"success_rate":0,"mean_second_ratio":null},"54":{"success_ratio":0,"success_rate":0,"mean_second_ratio":null},"55":{"success_ratio":0,"success_rate":0,"mean_second_ratio":null},"56":{"success_ratio":0,"success_rate":0,"mean_second_ratio":null},"57":{"success_ratio":0,"success_rate":0,"mean_second_ratio":null},"58":{"success_ratio":0,"success_rate":0,"mean_second_ratio":null},"59":{"success_ratio":0,"success_rate":0,"mean_second_ratio":null},"60":{"success_ratio":0,"success_rate":0,"mean_second_ratio":null},"61":{"success_ratio":0,"success_rate":0,"mean_second_ratio":null},"62":{"success_ratio":0,"success_rate":0,"mean_second_ratio":null},"63":{"success_ratio":0,"success_rate":0,"mean_second_ratio":null},"64":{"success_ratio":0,"success_rate":0,"mean_second_ratio":null},"65":{"success_ratio":0,"success_rate":0,"mean_second_ratio":null},"66":{"success_ratio":0,"success_rate":0,"mean_second_ratio":null},"67":{"success_ratio":0,"success_rate":0,"mean_second_ratio":null},"68":{"success_ratio":0,"success_rate":0,"mean_second_ratio":null},"69":{"success_ratio":0,"success_rate":0,"mean_second_ratio":null},"70":{"success_ratio":0,"success_rate":0,"mean_second_ratio":null},"71":{"success_ratio":0,"success_rate":0,"mean_second_ratio":null},"72":{"success_ratio":0,"success_rate":0,"mean_second_ratio":null},"73":{"success_ratio":0,"success_rate":0,"mean_second_ratio":null},"74":{"success_ratio":0,"success_rate":0,"mean_second_ratio":null},"75":{"success_ratio":0,"success_rate":0,"mean_second_ratio":null},"76":{"success_ratio":0,"success_rate":0,"mean_second_ratio":null},"80":{"success_ratio":0,"success_rate":0,"mean_second_ratio":null},"96":{"success_ratio":0,"success_rate":0,"mean_second_ratio":null},"128":{"success_ratio":0,"success_rate":0,"mean_second_ratio":null},"256":{"success_ratio":0,"success_rate":0,"mean_second_ratio":null}},"options":{"interval":[1,256],"min_step_width":1,"sample_size":80,"integer":true,"configuration":{"probe_length":256,"page_size":5000,"repetitions":500,"min_iterations":3,"max_cache_hit_number":3}},"worker":true}