{
    "method_name": "sweepMinIterations",
    "display_data": {
        "1": {
            "success_ratio": 0,
            "success_rate": 0,
            "mean_second_ratio": null
        },
        "2": {
            "success_ratio": 0.98,
            "success_rate": 84.30832759799527,
            "mean_second_ratio": 0.3401360544217688
        },
        "3": {
            "success_ratio": 1,
            "success_rate": 70.10656197418677,
            "mean_second_ratio": 0.276
        },
        "4": {
            "success_ratio": 1,
            "success_rate": 53.80393844830689,
            "mean_second_ratio": 0.27599999999999997
        },
        "5": {
            "success_ratio": 1,
            "success_rate": 49.00519455061594,
            "mean_second_ratio": 0.22999999999999995
        },
        "6": {
            "success_ratio": 1,
            "success_rate": 36.51767455445767,
            "mean_second_ratio": 0.20500000000000007
        },
        "7": {
            "success_ratio": 1,
            "success_rate": 34.03907686023906,
            "mean_second_ratio": 0.1927777777777778
        },
        "8": {
            "success_ratio": 1,
            "success_rate": 29.533372711144068,
            "mean_second_ratio": 0.17583333333333326
        },
        "9": {
            "success_ratio": 1,
            "success_rate": 30.448815541091804,
            "mean_second_ratio": 0.16400000000000003
        },
        "10": {
            "success_ratio": 1,
            "success_rate": 22.858187802863597,
            "mean_second_ratio": 0.15742424242424233
        },
        "11": {
            "success_ratio": 1,
            "success_rate": 21.795039449029364,
            "mean_second_ratio": 0.1566666666666667
        },
        "12": {
            "success_ratio": 1,
            "success_rate": 18.5137186655227,
            "mean_second_ratio": 0.14890109890109898
        },
        "13": {
            "success_ratio": 1,
            "success_rate": 18.954471359795804,
            "mean_second_ratio": 0.13736263736263749
        },
        "14": {
            "success_ratio": 1,
            "success_rate": 16.348952032171532,
            "mean_second_ratio": 0.13752380952380963
        },
        "15": {
            "success_ratio": 1,
            "success_rate": 14.856633486852393,
            "mean_second_ratio": 0.13251960784313727
        },
        "17": {
            "success_ratio": 1,
            "success_rate": 17.735527809308174,
            "mean_second_ratio": 0.12315789473684202
        },
        "33": {
            "success_ratio": 1,
            "success_rate": 10.122482032593556,
            "mean_second_ratio": 0.07939801375095489
        },
        "65": {
            "success_ratio": 1,
            "success_rate": 5.466810990476855,
            "mean_second_ratio": 0.055762655255192535
        },
        "129": {
            "success_ratio": 1,
            "success_rate": 2.9069936453119563,
            "mean_second_ratio": 0.0409613334824091
        },
        "257": {
            "success_ratio": 1,
            "success_rate": 1.5184045819376764,
            "mean_second_ratio": 0.030333626010466644
        }
    },
    "parameters": [50, 14, 3],
    "worker": true
}